Term	Overlap	P.value	Adjusted.P.value	Odds.Ratio	Combined.Score	Genes	Rank	Database
Salmonella infection	71/249	6.02468021288043e-11	1.84957682535429e-08	2.71380943713681	63.862914946977	DYNC1LI1;MAPK11;DYNC1LI2;BAX;PFN1;CYFIP2;AHNAK;RALA;ARPC5L;MYL12B;ACTB;AKT1;VPS11;MYL12A;TXN;TNFSF10;SKP1;GSDMD;RHOA;JUN;RIPK3;TUBB;RHOH;PTPRC;EXOC7;ACTR10;ARPC1A;RAB5C;ARF1;SNX9;DYNC1I2;DYNLL1;DYNLL2;TUBA1C;RAC1;TUBA4A;ELMO1;ARL8A;ARL8B;RAF1;TNF;KIF5C;MAP3K7;KPNA4;MAP2K2;MAP2K3;MAP2K1;TNFRSF10A;TRAF2;ARPC4;ARPC2;ACBD3;BIRC3;TXN2;ACTG1;FBXO22;ACTR3;DNM2;PIK3CB;BCL2;TRADD;CASP7;CASP4;CDC42;VPS41;GAPDH;HSP90AB1;DCTN4;DCTN1;PIK3CD;CYTH2	1	KEGG_2021_Human
Thermogenesis	66/232	3.14061798321951e-10	4.82084860424195e-08	2.70160769260005	59.1150432317372	ACSL3;ACSL4;SMARCA4;MAPK11;UQCRC2;UQCRC1;UQCR11;ACTB;CREB3L2;COX8A;NDUFAF8;NDUFAF3;NDUFAF4;NDUFAF1;NDUFAF2;LIPE;MLST8;DPF3;SIRT6;ATP5F1D;ATP5F1E;COX7C;ATP5MG;ATP5PB;COX6B1;COX5A;NDUFA13;NDUFA10;NDUFA11;ATP5F1B;SDHD;TSC2;SDHB;SDHC;COX6A1;NDUFV1;MAP2K3;CREB3;COX16;ACTG1;COX7A2;ATP5MC1;ATP5MC2;COX14;CYC1;COA5;COA4;COA3;NDUFS5;NDUFS2;NDUFS1;NDUFB6;NDUFB3;NDUFB2;NDUFB1;COA7;COA6;NDUFA9;SMARCC1;NDUFA8;NDUFA6;ARID1A;RPS6KB2;KRAS;RPS6KA1;RPS6KA3	2	KEGG_2021_Human
Amyotrophic lateral sclerosis	90/364	7.54840874571045e-10	7.72453828311036e-08	2.23912083313962	47.0316452255932	MAPK11;CCS;PSMC2;UQCRC2;BAX;PSMC1;UQCRC1;PFN1;OPTN;UQCR11;ACTB;PSMD8;NUP85;PSMD3;PSMD1;COX8A;GABARAPL2;DAXX;XBP1;RAB39B;POM121C;SEC13;TUBB;ATP5F1D;ATP5F1E;ACTR10;COX7C;ATXN2;RANBP2;ATP5PB;COX6B1;PSMA7;HNRNPA2B1;PSMA3;COX5A;NDUFA13;NDUFA10;NDUFA11;NUP188;PSMB7;ATP5F1B;TUBA1C;PSMB4;RAC1;SDHD;SDHB;SDHC;TUBA4A;SRSF7;TNF;NUP160;TANK;COX6A1;KIF5C;NDUFV1;MAP2K3;TRAF2;BCL2L1;DNAL4;ACTG1;COX7A2;ATP5MC1;ATP5MC2;CYC1;WIPI2;TNFRSF1B;NDUFS5;BCL2;NUP58;NDUFS2;NDUFS1;SEH1L;NDUFB6;PSMD14;NDUFB3;ITPR3;NDUFB2;NDUFB1;NDUFA9;NDUFA8;NDUFA6;SOD1;BECN1;HDAC6;DCTN4;RB1CC1;DCTN1;UBQLN1;HNRNPA3;HNRNPA1	3	KEGG_2021_Human
Protein processing in endoplasmic reticulum	52/171	1.86340774143081e-09	1.43016544154815e-07	2.96097544900313	59.5181497258905	FBXO2;NSFL1C;DNAJB11;HSPA1A;BAX;RNF185;UBE2D3;UBE2D2;RNF5;CAPN2;PDIA4;XBP1;EDEM1;EDEM3;TRAF2;PDIA6;HYOU1;HSPBP1;UBE2J2;BAG1;TXNDC5;SEC63;SEC62;SKP1;SEC13;EIF2AK2;HSPA8;SSR3;EIF2AK1;SSR4;RAD23B;BCL2;NFE2L2;SAR1A;SAR1B;ATXN3;ERLEC1;SEC61B;SSR2;UBXN8;UBXN4;DAD1;STUB1;SEC23B;ERO1A;HSP90AB1;PRKCSH;LMAN1;GANAB;OS9;SEC61A1;UBQLN1	4	KEGG_2021_Human
T cell receptor signaling pathway	36/104	1.36526424887798e-08	8.38272248811081e-07	3.57548943193801	64.7497278496605	MAPK11;PDCD1;RAF1;TNF;PAK2;AKT1;GRAP2;MAP3K7;MAP2K2;MAP2K1;PRKCQ;RASGRP1;PLCG1;RHOA;JUN;NFATC2;PTPRC;PIK3CB;IFNG;LCP2;CD247;ITK;LAT;CD3G;CD3E;CD3D;CTLA4;ICOS;PDPK1;CDC42;LCK;ZAP70;KRAS;CD40LG;PIK3CD;NCK1	5	KEGG_2021_Human
Huntington disease	75/306	2.86152061530781e-08	1.4641447148325e-06	2.20565939798231	38.3108206062704	PSMC2;UQCRC2;BAX;PSMC1;UQCRC1;TFAM;STX1A;UQCR11;PSMD8;CREB3L2;PSMD3;PSMD1;COX8A;TUBB;ATP5F1D;ATP5F1E;ACTR10;COX7C;ATP5PB;AP2B1;COX6B1;PSMA7;PSMA3;HIP1;COX5A;NDUFA13;NDUFA10;NDUFA11;AP2A2;AP2A1;PSMB7;ATP5F1B;TUBA1C;PSMB4;EP300;SDHD;SDHB;SDHC;TUBA4A;PPIF;COX6A1;KIF5C;NDUFV1;TRAF2;CREB3;DNAL4;COX7A2;ATP5MC1;ATP5MC2;CYC1;WIPI2;NDUFS5;NDUFS2;NDUFS1;NDUFB6;PSMD14;NDUFB3;NDUFB2;NDUFB1;NDUFA9;NDUFA8;NDUFA6;SOD1;BECN1;HDAC1;HDAC2;DCTN4;RB1CC1;DCTN1;POLR2A;POLR2F;POLR2H;POLR2I;IFT57;POLR2L	6	KEGG_2021_Human
Parkinson disease	64/249	4.44783680330798e-08	1.72503721601677e-06	2.34624411645688	39.7178371783598	PSMC2;UQCRC2;BAX;PSMC1;UQCRC1;CALM2;CALM3;CALM1;UQCR11;PSMD8;PSMD3;PSMD1;COX8A;DAXX;XBP1;TXN;UBE2J2;PLCG1;TUBB;ATP5F1D;ATP5F1E;COX7C;ATP5PB;COX6B1;PSMA7;PSMA3;COX5A;NDUFA13;NDUFA10;NDUFA11;PSMB7;ATP5F1B;TUBA1C;PSMB4;SDHD;SDHB;SDHC;TUBA4A;PPIF;COX6A1;KIF5C;MFN2;NDUFV1;BCL2L1;TXN2;COX7A2;ATP5MC1;ATP5MC2;UBC;CYC1;ADORA2A;NDUFS5;NDUFS2;NDUFS1;NFE2L2;NDUFB6;PSMD14;NDUFB3;ITPR3;NDUFB2;NDUFB1;NDUFA9;NDUFA8;NDUFA6	7	KEGG_2021_Human
Human immunodeficiency virus 1 infection	57/212	4.49521098636293e-08	1.72503721601677e-06	2.4915419228088	42.1510794047806	AP1S1;MAPK11;BAX;CALM2;CALM3;CALM1;GNG2;AKT1;B2M;APOBEC3D;APOBEC3F;APOBEC3G;APOBEC3H;HLA-C;HLA-A;HLA-B;HLA-E;APOBEC3C;PLCG1;SKP1;JUN;NFATC2;CD3G;CD3E;CD3D;CCR5;RAC3;RAC1;RAC2;FBXW11;TAP1;FAS;RAF1;TNF;PAK2;CFL1;MAP3K7;MAP2K2;MAP2K3;MAP2K1;TRAF2;TRAF5;BCL2L1;GNB5;CUL5;FASLG;LIMK2;TNFRSF1B;PIK3CB;BCL2;CD247;TRADD;ITPR3;RPS6KB2;KRAS;PIK3CD;PTK2B	8	KEGG_2021_Human
Shigellosis	63/246	6.52885426517009e-08	2.22706473267469e-06	2.33417700269242	38.617673015606	ACTN4;FNBP1;IL1R1;MAPK11;RRAGC;BAX;PFN1;ARPC5L;MYL12B;ACTB;AKT1;GABARAPL2;MYL12A;PRKCQ;PLCG1;SKP1;RHOA;JUN;ARHGEF2;ARPC1A;ARF1;SEPTIN7;SEPTIN8;HCLS1;UBE2V2;CD44;RAC1;FBXW11;ELMO1;UBE2N;UBE2D3;UBE2D2;TNF;CAPN2;MAP3K7;GLMN;TRAF2;TRAF5;ARPC4;ARPC2;BCL2L1;ACTG1;UBC;ACTR3;CBX3;WIPI2;TNIP1;PIK3CB;BCL2;GSK3A;TRADD;ITPR3;HK1;SHARPIN;CASP4;WASF2;CDC42;RPS6KB2;BECN1;ITGB1;PIK3CD;CCL5;CYTH2	9	KEGG_2021_Human
Th17 cell differentiation	35/107	1.09226649604816e-07	3.22337793815799e-06	3.28101328831753	52.5941205412361	IL1R1;RUNX1;FOXP3;MAPK11;IL21R;AHR;IL2RG;IL27RA;TBX21;PRKCQ;IL23R;RORC;GATA3;HIF1A;RORA;PLCG1;STAT5A;JUN;NFATC2;TYK2;IRF4;IFNG;CD247;LAT;CD3G;CD3E;CD3D;LCK;ZAP70;IL2RA;IL2RB;IL21;HSP90AB1;JAK3;JAK1	10	KEGG_2021_Human
PD-L1 expression and PD-1 checkpoint pathway in cancer	31/89	1.15495626448658e-07	3.22337793815799e-06	3.6047962016658	57.5831341107272	JUN;PTPN11;NFATC2;BATF;MAPK11;PIK3CB;IFNG;CD247;PDCD1;LAT;RAF1;CD3G;CD3E;CD3D;AKT1;MAP2K2;MAP2K3;CSNK2A2;CSNK2A1;MAP2K1;LCK;ZAP70;RPS6KB2;KRAS;PRKCQ;PTEN;PIK3CD;HIF1A;RASGRP1;PLCG1;JAK1	11	KEGG_2021_Human
Prion disease	67/273	1.46157577108303e-07	3.57943252466759e-06	2.20574864518106	34.7153526193509	MAPK11;PSMC2;HSPA1A;UQCRC2;BAX;PSMC1;UQCRC1;UQCR11;PSMD8;CREB3L2;PSMD3;PSMD1;COX8A;TUBB;ATP5F1D;ATP5F1E;COX7C;CSNK2A2;CSNK2A1;ATP5PB;COX6B1;PSMA7;PSMA3;COX5A;RYR1;NDUFA13;NDUFA10;NDUFA11;PSMB7;ATP5F1B;TUBA1C;PSMB4;RAC1;RAC2;SDHD;SDHB;SDHC;TUBA4A;PPIF;TNF;COX6A1;KIF5C;NDUFV1;PRNP;CREB3;NCF4;COX7A2;ATP5MC1;ATP5MC2;CYC1;HSPA8;PIK3CB;NDUFS5;NDUFS2;NDUFS1;NDUFB6;PSMD14;NDUFB3;ITPR3;NDUFB2;NDUFB1;NDUFA9;NDUFA8;NDUFA6;SOD1;PIK3CD;CCL5	12	KEGG_2021_Human
Yersinia infection	41/137	1.51572061305142e-07	3.57943252466759e-06	2.88535565534296	45.3064450543176	MAPK11;ELMO1;ARPC5L;TNF;ACTB;AKT1;MAP3K7;FYB1;MAP2K2;MAP2K3;MAP2K1;TRAF2;ARPC4;ARPC2;ACTG1;PLCG1;ACTR3;RHOA;JUN;ITGA4;NFATC2;PIK3CB;LCP2;LAT;ARPC1A;ARHGEF1;WASF2;CDC42;LCK;ZAP70;ITGB1;WIPF1;WIPF2;WAS;PIK3CD;RPS6KA1;RPS6KA3;PTK2B;RAC3;RAC1;RAC2	13	KEGG_2021_Human
Endocytosis	63/252	1.67818821331026e-07	3.68002701061608e-06	2.25928843376657	35.245760093441	RUFY1;HSPA1A;VPS25;VPS28;ARPC5L;IL2RG;MVB12A;HLA-C;HLA-A;SNF8;STAM;HLA-B;VPS37A;HLA-E;PRKCZ;VPS26A;RHOA;ARF4;ARPC1A;ARF5;RAB5C;ARF3;ARF1;SNX4;SNX5;SNX1;CCR5;SNX6;AP2B1;AP2A2;AP2A1;RAB22A;USP8;RNF41;CAPZA2;STAMBP;ACAP1;WASHC2A;KIF5C;LDLR;ARPC4;ARPC2;CHMP5;WASHC5;SH3KBP1;CHMP1B;WASHC1;WASHC3;ACTR3;HSPA8;EPN1;DNM2;RABEP1;AGAP2;GRK2;CAPZB;CDC42;IL2RA;IL2RB;VPS45;WIPF1;WIPF2;CYTH2	14	KEGG_2021_Human
Non-alcoholic fatty liver disease	44/155	2.88498741952678e-07	5.90460758529814e-06	2.67885242552952	40.3397004628809	SDHD;SDHB;SDHC;MAPK11;FAS;UQCRC2;BAX;UQCRC1;TNF;UQCR11;COX6A1;AKT1;NDUFV1;COX8A;XBP1;TRAF2;FASLG;COX7A2;CYC1;JUN;PIK3CB;NDUFS5;NDUFS2;NDUFS1;COX7C;GSK3A;NDUFB6;NDUFB3;NDUFB2;NDUFB1;ADIPOR1;CASP7;MLX;NDUFA9;NDUFA8;NDUFA6;COX6B1;CDC42;COX5A;NDUFA13;NDUFA10;NDUFA11;PIK3CD;RAC1	15	KEGG_2021_Human
Viral carcinogenesis	53/203	3.64957433475454e-07	7.00262075481027e-06	2.39085654505035	35.4408263975643	SND1;ACTN4;MRPS18B;HNRNPK;BAX;PSMC1;SP100;CREB3L2;HLA-C;HLA-A;HLA-B;HLA-E;RBPJ;STAT5A;RHOA;JUN;CCR8;CCR5;CCR4;CDKN2A;GTF2H1;GTF2H4;EP300;RAC1;JAK3;JAK1;USP7;MAPKAPK2;CCND2;TRAF1;TRAF2;NFKB2;CREB3;TRAF5;EIF2AK2;RBL2;CDK6;PIK3CB;YWHAG;YWHAB;TRADD;CHD4;YWHAQ;YWHAZ;CDC42;PKM;KRAS;HDAC6;HDAC1;HDAC2;SRF;PIK3CD;POLB	16	KEGG_2021_Human
Pathways of neurodegeneration	100/475	5.59195106621636e-07	1.00984057489907e-05	1.81433519850786	26.1205618326389	CCS;PSMC2;UQCRC2;BAX;PSMC1;UQCRC1;OPTN;PSMD8;PSMD3;PSMD1;GABARAPL2;DAXX;PLCG1;ATXN3;ATXN2;ATXN1;CSNK2A2;CSNK2A1;COX6B1;PSMA7;PSMA3;NDUFA13;NDUFA10;NDUFA11;PSMB7;TUBA1C;PSMB4;TUBA4A;TNF;TANK;MFN2;MAP2K2;MAP2K3;MAP2K1;TRAF2;BCL2L1;FASLG;WIPI2;TNFRSF1B;BCL2;NDUFB6;NDUFB3;ITPR3;NDUFB2;NDUFB1;NDUFA9;NDUFA8;NDUFA6;BECN1;HSD17B10;MAPK11;CALM2;CALM3;CALM1;STX1A;UQCR11;COX8A;XBP1;RAB39B;UBE2J2;TUBB;ATP5F1D;ATP5F1E;ACTR10;COX7C;ATP5PB;HIP1;COX5A;RYR1;ATP5F1B;RAC1;SDHD;SDHB;SDHC;FAS;PPIF;RAF1;COX6A1;KIF5C;CAPN2;NDUFV1;PRNP;DNAL4;COX7A2;ATP5MC1;ATP5MC2;UBC;CYC1;NDUFS5;NDUFS2;NDUFS1;PSMD14;CASP7;SOD1;KRAS;DCTN4;ATP2A3;RB1CC1;DCTN1;IFT57	17	KEGG_2021_Human
Diabetic cardiomyopathy	52/203	8.81513263652387e-07	1.50346984411824e-05	2.32916244643553	32.4723112289179	MAPK11;UQCRC2;UQCRC1;UQCR11;AKT1;COX8A;PRKCZ;PDHA1;ATP5F1D;ATP5F1E;COX7C;ATP5PB;COX6B1;COX5A;NDUFA13;NDUFA10;NDUFA11;ATP5F1B;RAC1;RAC2;SDHD;SDHB;SDHC;PPP1CA;PPIF;COX6A1;PPP1CC;NDUFV1;NCF4;SLC2A1;COX7A2;ATP5MC1;ATP5MC2;MPC1;MPC2;CYC1;PIK3CB;NDUFS5;NDUFS2;NDUFS1;NDUFB6;NDUFB3;NDUFB2;NDUFB1;NDUFA9;NDUFA8;NDUFA6;TBC1D4;GAPDH;ATP2A3;PTEN;PIK3CD	18	KEGG_2021_Human
Ribosome	43/158	1.36654742283112e-06	2.20805294110081e-05	2.52533768285845	34.1001982059816	RPS7;MRPS18A;FAU;RPL26;RPL28;RPS4Y1;RPL36AL;RPL41;RPS27;RPS26;RPS29;RPS21;RPS24;MRPL19;RPL35;MRPL17;MRPL18;MRPL15;MRPL16;MRPL1;MRPL13;MRPL12;MRPL4;MRPL3;MRPL2;RPS19;MRPL28;MRPS2;MRPL27;MRPL22;MRPS6;MRPL23;MRPL32;MRPS9;MRPS17;MRPS14;MRPS10;MRPS11;MRPL35;MRPL34;RPL35A;RPLP0;RPLP1	19	KEGG_2021_Human
Epstein-Barr virus infection	50/202	4.10471088274154e-06	6.1530233810624e-05	2.22297269427487	27.5723644932685	MAPK11;PSMC2;VIM;BAX;PSMC1;PSMD8;PSMD3;AKT1;PSMD1;B2M;GADD45G;HLA-C;HLA-A;HLA-B;HLA-E;RBPJ;JUN;TYK2;CD3G;CD3E;CD3D;CD44;RAC1;JAK3;JAK1;USP7;TAP1;FAS;TNF;RELB;CCND2;CIR1;MAP3K7;MAP2K3;TRAF2;NFKB2;MAVS;TRAF5;EIF2AK2;CDK6;PIK3CB;OAS3;BCL2;CD247;PSMD14;TRADD;HDAC1;HDAC2;PIK3CD;SAP30L	20	KEGG_2021_Human
RNA transport	47/186	4.32933857021678e-06	6.1530233810624e-05	2.28406143969365	28.2083775539352	UBE2I;EIF1AX;UPF3B;CLNS1A;RAN;CYFIP2;NUP160;NUP85;SNUPN;EIF2B4;PYM1;EIF2S2;EIF1;EIF5;EIF4G1;GEMIN6;GEMIN8;EIF4G3;EIF4G2;POP7;POP4;RPP30;AAAS;POM121C;EIF4EBP2;RPP38;SEC13;NCBP2;ELAC1;MAGOHB;DDX19A;DDX19B;NUP58;EIF4E2;SEH1L;RBM8A;FXR1;NUP42;RANBP2;THOC2;THOC6;THOC7;TACC3;NUP188;XPO1;SUMO2;PAIP1	21	KEGG_2021_Human
Pathogenic Escherichia coli infection	49/197	4.40933271607078e-06	6.1530233810624e-05	2.23703433162893	27.5866313177337	IL1R1;MAPK11;BAX;CYFIP2;ARPC5L;ACTB;EZR;LPAR2;TNFSF10;RHOA;JUN;TUBB;ARHGEF2;ARPC1A;ARF1;ARHGEF1;HCLS1;TUBA1C;RAC1;TUBA4A;FAS;TNF;PAK2;MAP3K7;F2R;TNFRSF10A;TRAF2;SLC9A3R1;ARPC4;ARPC2;NCL;ACTG1;FASLG;ACTR3;PTPN11;MYH9;TMBIM6;TRADD;CASP7;CASP4;WASF2;CDC42;MYO1C;GAPDH;ITGB1;WIPF1;WIPF2;CYTH2;NCK1	22	KEGG_2021_Human
Citrate cycle (TCA cycle)	14/30	7.22126998803637e-06	9.63882559272681e-05	5.87683539412674	69.57279664236	IDH3G;PDHA1;IDH2;SDHD;SDHB;SDHC;CS;ACLY;ACO2;DLD;SUCLG2;SUCLG1;PCK2;IDH3B	23	KEGG_2021_Human
Spliceosome	39/150	1.34585216834554e-05	0.000172156923200867	2.36980523246618	26.5794939334061	CWC15;SNRPA;HNRNPK;HSPA1A;HNRNPC;SNRNP27;SNRPG;SRSF7;SNRPE;PPIE;SNRPB;SRSF9;SNRPC;SF3B5;SNRPD2;SF3B2;TXNL4A;AQR;PRPF38B;ZMAT2;SNRNP70;DHX16;NCBP2;HSPA8;MAGOHB;PRPF18;SLU7;RBM8A;DDX42;CTNNBL1;BCAS2;THOC2;CDC40;RP9;ISY1;SART1;TRA2B;HNRNPA3;HNRNPA1	24	KEGG_2021_Human
Alzheimer disease	76/369	2.72595505664083e-05	0.000326649077690319	1.75644964721842	18.4604730627444	PSMC2;UQCRC2;PSMC1;UQCRC1;CALM2;CALM3;CALM1;UQCR11;PSMD8;PSMD3;AKT1;APBB1;PSMD1;COX8A;XBP1;PSENEN;TUBB;ATP5F1D;ATP5F1E;COX7C;CSNK2A2;CSNK2A1;ATP5PB;COX6B1;PSMA7;PSMA3;COX5A;NDUFA13;NDUFA10;NDUFA11;PSMB7;ATP5F1B;TUBA1C;PSMB4;SDHD;SDHB;SDHC;TUBA4A;FAS;PPIF;RAF1;TNF;COX6A1;KIF5C;CAPN2;NDUFV1;MAP2K2;MAP2K1;TRAF2;COX7A2;ATP5MC1;ATP5MC2;CYC1;EIF2AK2;WIPI2;PIK3CB;NDUFS5;NDUFS2;NDUFS1;NDUFB6;PSMD14;NDUFB3;ITPR3;NDUFB2;NDUFB1;CASP7;NDUFA9;NDUFA8;NDUFA6;KRAS;GAPDH;BECN1;ATP2A3;RB1CC1;PIK3CD;HSD17B10	25	KEGG_2021_Human
Oxidative phosphorylation	35/133	2.76640912701899e-05	0.000326649077690319	2.40692303411431	25.2615606329424	SDHD;SDHB;SDHC;UQCRC2;UQCRC1;UQCR11;COX6A1;NDUFV1;COX8A;ATP6V1D;COX7A2;ATP5MC1;ATP5MC2;CYC1;ATP5F1D;ATP5F1E;NDUFS5;NDUFS2;NDUFS1;COX7C;NDUFB6;NDUFB3;NDUFB2;NDUFB1;ATP5MG;NDUFA9;NDUFA8;NDUFA6;ATP5PB;COX6B1;COX5A;NDUFA13;NDUFA10;NDUFA11;ATP5F1B	26	KEGG_2021_Human
NF-kappa B signaling pathway	29/104	4.17248661823209e-05	0.00047442718214713	2.60327503562638	26.2525013812592	UBE2I;IL1R1;TNF;RELB;MAP3K7;EDARADD;TNFSF14;GADD45G;TRAF1;TRAF2;NFKB2;TRAF5;BCL2L1;PRKCQ;BIRC3;PLCG1;CFLAR;CYLD;BCL2;LAT;TRADD;CSNK2A2;CSNK2A1;LCK;ZAP70;XIAP;LTB;LTA;CD40LG	27	KEGG_2021_Human
Apoptosis	36/142	5.06323969642145e-05	0.000555148066714781	2.28868071589288	22.6371554183236	TUBA4A;FAS;BAX;RAF1;TNF;ACTB;AKT1;CAPN2;MAP2K2;DAXX;MAP2K1;GADD45G;TRAF1;TNFRSF10A;TRAF2;BCL2L1;BIRC3;ACTG1;FASLG;TNFSF10;JUN;CFLAR;PTPN13;PIK3CB;BCL2;TRADD;LMNB1;ITPR3;CASP7;PDPK1;XIAP;KRAS;BECN1;PIK3CD;TUBA1C;AIFM1	28	KEGG_2021_Human
TNF signaling pathway	30/112	7.05666362347374e-05	0.000747033011174634	2.46311117854569	23.5447642351695	MAPK11;FAS;TNF;CREB3L2;AKT1;MAP3K7;MAP2K3;MAP2K1;TRAF1;TRAF2;CREB3;TRAF5;BIRC3;BAG4;DNM1L;JUN;RIPK3;CCL20;CFLAR;TNFRSF1B;IRF1;PIK3CB;BCL3;IL18R1;TRADD;CASP7;LTA;PIK3CD;RPS6KA4;CCL5	29	KEGG_2021_Human
Measles	35/139	7.42578926896368e-05	0.00075990576852395	2.26727547870906	21.557179268545	FAS;HSPA1A;BAX;SLAMF1;IL2RG;CCND2;AKT1;MAP3K7;MAVS;BCL2L1;FASLG;STAT5A;JUN;EIF2AK2;HSPA8;MSN;EIF2AK1;TYK2;CDK6;PIK3CB;OAS3;BCL2;TRADD;CD3G;ADAR;CD3E;CD3D;CSNK2A2;CSNK2A1;IL2RA;IL2RB;PIK3CD;RACK1;JAK3;JAK1	30	KEGG_2021_Human
Regulation of actin cytoskeleton	49/218	7.68353170424583e-05	0.000760917494581765	1.95667470918307	18.5372351920729	ACTN4;PFN1;CYFIP2;ARPC5L;MYL12B;ACTB;MYL12A;EZR;LPAR2;PDGFA;RHOA;ARHGEF6;ARPC1A;ARHGEF1;IQGAP1;IQGAP2;TMSB4X;RAC3;RAC1;RAC2;PPP1CA;RAF1;PPP1CC;PAK2;CFL1;MAP2K2;F2R;MAP2K1;SSH1;ARPC4;ARPC2;ACTG1;ITGA1;ACTR3;PPP1R12A;ITGA4;MSN;ITGA2;LIMK2;ITGAE;PIK3CB;MYH9;WASF2;CDC42;KRAS;ITGB2;ITGB1;PIK3CD;ITGB7	31	KEGG_2021_Human
Th1 and Th2 cell differentiation	26/92	7.98251427054028e-05	0.000765822462829958	2.65052700922266	25.0095035700203	JUN;NFATC2;TYK2;MAPK11;IFNG;CD247;LAT;CD3G;IL2RG;CD3E;CD3D;TBX21;IL12RB2;JAG2;STAT4;LCK;ZAP70;IL2RA;IL2RB;PRKCQ;GATA3;RBPJ;PLCG1;JAK3;JAK1;STAT5A	32	KEGG_2021_Human
Human T-cell leukemia virus 1 infection	49/219	8.66860197543033e-05	0.000806442668623367	1.94505195732817	18.1924948531276	IL1R1;IL1R2;BAX;RAN;IL2RG;CREB3L2;AKT1;B2M;HLA-C;HLA-A;HLA-B;HLA-E;ANAPC10;STAT5A;JUN;NFATC2;CD3G;CD3E;CD3D;CDKN2A;XIAP;XPO1;EP300;JAK3;JAK1;TNF;RELB;CCND2;PTTG1;FDPS;MAP2K2;MAP2K1;NFKB2;CREB3;BCL2L1;SLC2A1;ETS1;PIK3CB;LCK;IL2RA;IL2RB;LTA;KRAS;ITGB2;SRF;PTEN;PIK3CD;POLB;BUB3	33	KEGG_2021_Human
Neurotrophin signaling pathway	31/119	9.51209095470063e-05	0.000858885859733263	2.37177787206959	21.9635210706568	MAPK11;MAPKAPK2;BAX;CALM2;CALM3;CALM1;RAF1;AKT1;MAP2K2;MAP2K1;FASLG;PLCG1;RHOA;JUN;PTPN11;PIK3CB;BCL2;CAMK4;RAP1A;RAP1B;NTRK2;PDPK1;CDC42;KRAS;PIK3CD;ARHGDIA;RPS6KA1;ARHGDIB;RPS6KA3;RAC1;MAPK7	34	KEGG_2021_Human
Natural killer cell mediated cytotoxicity	33/131	0.000116489152369656	0.00102007391861112	2.26761782953742	20.5394301375988	FAS;RAF1;TNF;MICA;MAP2K2;MAP2K1;SH2D1A;HLA-C;HLA-A;HLA-B;TNFRSF10A;HLA-E;FASLG;PLCG1;TNFSF10;PTPN11;NFATC2;PIK3CB;IFNG;HCST;LCP2;CD247;LAT;LCK;ZAP70;CD48;KRAS;ITGB2;PIK3CD;PTK2B;RAC3;RAC1;RAC2	35	KEGG_2021_Human
Renal cell carcinoma	21/69	0.00011961778850163	0.00102007391861112	2.9409628051143	26.5604497372036	JUN;PTPN11;PIK3CB;RAF1;PAK2;RAP1A;RAP1B;AKT1;TFE3;EGLN2;MAP2K2;MAP2K1;CDC42;KRAS;SLC2A1;CUL2;PIK3CD;ETS1;HIF1A;EP300;RAC1	36	KEGG_2021_Human
Central carbon metabolism in cancer	21/70	0.000150158121531839	0.00124590657595337	2.88077710743344	25.3618479408265	PDHA1;SIRT6;SLC7A5;PIK3CB;RAF1;SLC1A5;HK1;LDHA;AKT1;MAP2K2;MAP2K1;PGAM1;IDH2;PKM;PFKL;KRAS;PFKP;SLC2A1;PTEN;PIK3CD;HIF1A	37	KEGG_2021_Human
Primary immunodeficiency	14/38	0.000173800601980994	0.00140359169922364	3.91608706852138	33.9039227725364	RFXANK;TAP1;LCK;PTPRC;ZAP70;RFX5;ORAI1;CD40LG;ADA;IL2RG;CD3E;CD3D;JAK3;ICOS	38	KEGG_2021_Human
Cellular senescence	37/156	0.000178306437360657	0.00140359169922364	2.09452716759218	18.0799730249938	FBXW11;HUS1;TSC2;HIPK1;PPP1CA;HIPK3;MAPK11;MAPKAPK2;CALM2;CALM3;CALM1;RAF1;ZFP36L1;PPP1CC;CCND2;AKT1;CAPN2;MAP2K2;MAP2K3;MAP2K1;GADD45G;HLA-C;HLA-A;HLA-B;HLA-E;ETS1;RASSF5;NFATC2;RBL2;CDK6;PIK3CB;ITPR3;CDKN2A;RAD50;KRAS;PTEN;PIK3CD	39	KEGG_2021_Human
Pancreatic cancer	22/76	0.000188064262609485	0.00144339321552779	2.7387884008039	23.4953175388227	RALBP1;CDK6;PIK3CB;BAX;ARHGEF6;RAF1;RALB;RALA;AKT1;RALGDS;CDKN2A;MAP2K1;GADD45G;CDC42;RPS6KB2;BCL2L1;KRAS;PIK3CD;RAC3;RAC1;RAC2;JAK1	40	KEGG_2021_Human
Kaposi sarcoma-associated herpesvirus infection	43/193	0.000250621111524757	0.00187660198141708	1.93217142112804	16.0207312575516	MAPK11;BAX;CALM2;CALM3;CALM1;GNG2;AKT1;GABARAPL2;HLA-C;HLA-A;HLA-B;HLA-E;HIF1A;PLCG1;JUN;NFATC2;TYK2;CD200R1;CCR8;CCR5;CCR4;EP300;RAC1;JAK1;FAS;MAPKAPK2;RAF1;MICA;MAP2K2;MAP2K1;TRAF2;GNB5;UBC;EIF2AK2;CDK6;PIK3CB;TRADD;PIK3R5;ITPR3;CLEC2B;KRAS;BECN1;PIK3CD	41	KEGG_2021_Human
Ubiquitin mediated proteolysis	33/140	0.000436855099118717	0.00319320274832014	2.07580315988984	16.0582243443664	UBE2H;UBE2I;FBXW11;FBXO2;HUWE1;UBE2W;UBE2Z;UBE2K;UBE2N;UBE2D3;UBE2D2;UBE3C;FANCL;UBA2;BIRC3;ANAPC13;CUL5;CUL2;KLHL13;ANAPC10;UBE2J2;COP1;UBC;SKP1;KLHL9;SOCS1;UBE2Q2;UBE2Q1;UBE4A;UBE2E1;XIAP;STUB1;FBXO4	42	KEGG_2021_Human
Proteasome	15/46	0.000481203791858019	0.00343557125814911	3.24831352793745	24.8145806745511	PSMB9;PSMA7;PSMA3;PSMC2;IFNG;PSMC1;PSME3;PSME1;PSMD14;PSMB7;PSMB8;PSMD8;PSMB4;PSMD3;PSMD1	43	KEGG_2021_Human
Ribosome biogenesis in eukaryotes	27/108	0.000530394425506231	0.00370070655978211	2.24168284789644	16.9065246223455	IMP3;IMP4;SBDS;NHP2;RAN;UTP18;EIF6;TBL3;POP7;MPHOSPH10;POP4;RPP30;WDR43;AK6;RPP38;GNL3;WDR36;EMG1;RRP7A;GAR1;UTP14A;CSNK2A2;CSNK2A1;NOP56;XPO1;BMS1;RIOK2	44	KEGG_2021_Human
Leukocyte transendothelial migration	28/114	0.000573673478650403	0.0039137279543483	2.18976888744331	16.3432309884496	ACTN4;MAPK11;MYL12B;ACTB;MYL12A;EZR;NCF4;ACTG1;RASSF5;PLCG1;CD99;RHOA;ITGA4;MSN;RHOH;PTPN11;PIK3CB;ITK;CD99L2;RAP1A;RAP1B;CDC42;ITGB2;ITGB1;PIK3CD;PTK2B;RAC1;RAC2	45	KEGG_2021_Human
Thyroid hormone signaling pathway	29/121	0.000708765261177291	0.0047302377213354	2.12015241893239	15.375316021723	TSC2;ATP1B3;ATP1B1;RAF1;ATP1A3;ACTB;AKT1;MAP2K2;MAP2K1;MED24;RCAN2;SLC2A1;ACTG1;HIF1A;PLCG1;NCOA1;NCOR1;PIK3CB;MED12;PDPK1;PFKL;TBC1D4;KRAS;PFKP;HDAC1;HDAC2;ATP2A3;PIK3CD;EP300	46	KEGG_2021_Human
Fc epsilon RI signaling pathway	19/68	0.000814327913685555	0.00531912062769075	2.60439925098959	18.5254758407337	MAPK11;PIK3CB;LCP2;LAT;RAF1;TNF;AKT1;MAP2K2;MAP2K3;MAP2K1;PDPK1;ALOX5AP;KRAS;PIK3CD;INPP5D;RAC3;PLCG1;RAC1;RAC2	47	KEGG_2021_Human
RNA degradation	21/79	0.000909366175188421	0.00581615449547594	2.43249742815535	17.0342022867073	HSPA9;PNPT1;CNOT1;CNOT4;MPHOSPH6;BTG3;BTG1;EXOSC8;EXOSC7;EXOSC4;EXOSC1;TTC37;PATL1;LSM1;PFKL;C1D;DCP2;PFKP;ENO1;ENO2;MTREX	48	KEGG_2021_Human
Vasopressin-regulated water reabsorption	14/44	0.000968802285914542	0.00606984289338294	3.13178773827924	21.7328844398072	DYNLL1;DYNLL2;CREB3;DYNC1LI1;DYNC1LI2;VAMP2;RAB5C;DCTN4;DCTN1;ARHGDIA;ARHGDIB;CREB3L2;STX4;DYNC1I2	49	KEGG_2021_Human
Human cytomegalovirus infection	46/225	0.00113661057837844	0.00697878895124361	1.7312184715993	11.7371498737795	IL1R1;MAPK11;BAX;CALM2;CALM3;CALM1;GNG2;CREB3L2;AKT1;B2M;HLA-C;HLA-A;HLA-B;HLA-E;RHOA;IL10RB;NFATC2;ARHGEF1;CCR5;CDKN2A;PTGER4;RAC3;RAC1;RAC2;JAK1;TAP1;TSC2;FAS;RAF1;TNF;MAP2K2;MAP2K1;TRAF2;CREB3;TRAF5;GNB5;FASLG;CDK6;PIK3CB;TRADD;ITPR3;RPS6KB2;KRAS;PIK3CD;CCL5;PTK2B	50	KEGG_2021_Human
Sphingolipid signaling pathway	28/119	0.00117549108027086	0.00707599532633634	2.06885422270038	13.9566339125082	MAPK11;BAX;NSMAF;RAF1;SGMS1;TNF;AKT1;CERS4;MAP2K2;MAP2K1;TRAF2;PRKCZ;RHOA;PPP2R5A;PIK3CB;BCL2;TRADD;SGPL1;PDPK1;PPP2R3C;KRAS;PTEN;PIK3CD;PPP2R2B;SPTLC1;RAC3;RAC1;RAC2	51	KEGG_2021_Human
HIF-1 signaling pathway	26/109	0.00140157778926402	0.0082746996404626	2.10558070792487	13.8339951631555	AKT1;MAP2K2;MAP2K1;SLC2A1;CUL2;ENO1;ENO2;HIF1A;PLCG1;PDHA1;PIK3CB;IFNG;BCL2;EIF4E2;HK1;LDHA;MKNK1;MKNK2;PGK1;EGLN2;PFKL;RPS6KB2;GAPDH;PFKP;PIK3CD;EP300	52	KEGG_2021_Human
Choline metabolism in cancer	24/98	0.00143085908378303	0.00828818374946021	2.17943933071939	14.2741948683181	TSC2;RAF1;DGKE;AKT1;PCYT1A;MAP2K2;MAP2K1;DGKZ;PDGFA;HIF1A;PLCG1;JUN;LYPLA1;PIK3CB;RALGDS;WASF2;PDPK1;RPS6KB2;KRAS;WAS;PIK3CD;RAC3;RAC1;RAC2	53	KEGG_2021_Human
Protein export	9/23	0.00154224255526184	0.00873078879469147	4.30984518759297	27.9041690249384	SRP14;OXA1L;SPCS2;SRP72;SPCS1;SEC61A1;SEC61B;SEC63;SEC62	54	KEGG_2021_Human
Rap1 signaling pathway	43/210	0.00156414782966785	0.00873078879469147	1.73377278268785	11.2008901680169	MAPK11;CALM2;CALM3;PFN1;SKAP1;CALM1;RALB;RALA;ACTB;AKT1;FYB1;PRKCZ;PRKD2;LPAR2;PDGFA;RASSF5;PLCG1;RHOA;APBB1IP;RAPGEF6;RAP1A;RAP1B;RAC3;RAC1;RAC2;RAF1;RGS14;MAP2K2;MAP2K3;F2R;MAP2K1;ACTG1;PIK3CB;ADORA2A;LCP2;LAT;RALGDS;CDC42;EVL;KRAS;ITGB2;ITGB1;PIK3CD	55	KEGG_2021_Human
Tight junction	36/169	0.00177997168655374	0.00975805906735713	1.82121320448432	11.5303882237076	ACTN4;RUNX1;TUBA4A;PCNA;ARPC5L;MYL12B;ACTB;ARHGEF18;SLC9A3R1;MYL12A;PRKCZ;DLG3;ARPC4;ARPC2;EZR;ACTG1;ACTR3;RHOA;JUN;MSN;HSPA4;RAP2C;MYH9;ARHGEF2;RAPGEF6;ARPC1A;RAP1A;SYMPK;CDC42;HCLS1;ITGB1;WAS;PPP2R2B;TUBA1C;RAC1;RAB8B	56	KEGG_2021_Human
p53 signaling pathway	19/73	0.0020409699578805	0.0109925925801634	2.36257008072726	14.6345389988465	SHISA5;TSC2;CDK6;FAS;CCNG1;BAX;BCL2;CD82;EI24;GORAB;CCND2;PERP;CDKN2A;GADD45G;TNFRSF10A;BCL2L1;PTEN;COP1;ZMAT3	57	KEGG_2021_Human
Base excision repair	11/33	0.00219289322357327	0.0116072106833965	3.35314550366654	20.52974567789	SMUG1;APEX2;POLE3;APEX1;POLE4;PCNA;MPG;OGG1;HMGB1;POLB;POLD2	58	KEGG_2021_Human
Steroid biosynthesis	8/20	0.00238846759289396	0.0124281279833635	4.46826008738114	26.9753476884044	CYP51A1;DHCR24;MSMO1;SQLE;NSDHL;LBR;DHCR7;FDFT1	59	KEGG_2021_Human
Spinocerebellar ataxia	31/143	0.00268544471421795	0.0137405254544152	1.86095599266544	11.0166900097476	AFG3L2;PSMC2;PPIF;PSMC1;PSMD8;PSMD3;AKT1;PSMD1;XBP1;TRAF2;PUM1;RORA;RBPJ;WIPI2;PIK3CB;PSMD14;ITPR3;ATXN3;ATXN2;ATXN1;PSMA7;ATXN10;PSMA3;NOP56;BECN1;RYR1;ATP2A3;RB1CC1;PIK3CD;PSMB7;PSMB4	60	KEGG_2021_Human
Fc gamma R-mediated phagocytosis	23/97	0.0027839714152724	0.013746858071212	2.08781949844377	12.2844727179688	RAF1;ARPC5L;AKT1;CFL1;MAP2K1;ARPC4;ARPC2;INPP5D;PLCG1;ACTR3;LIMK2;DNM2;PTPRC;PIK3CB;LAT;ARPC1A;WASF2;CDC42;RPS6KB2;WAS;PIK3CD;RAC1;RAC2	61	KEGG_2021_Human
VEGF signaling pathway	16/59	0.00285443889892277	0.013746858071212	2.49716721523768	14.6306030239605	NFATC2;MAPK11;PIK3CB;MAPKAPK2;RAF1;SH2D2A;AKT1;MAP2K2;MAP2K1;CDC42;KRAS;PIK3CD;RAC3;PLCG1;RAC1;RAC2	62	KEGG_2021_Human
Colorectal cancer	21/86	0.00285830511542366	0.013746858071212	2.16965994098888	12.7088404849092	RHOA;JUN;MSH3;PIK3CB;BAX;BCL2;RAF1;RALB;RALA;AKT1;RALGDS;MAP2K2;MAP2K1;GADD45G;RPS6KB2;KRAS;PIK3CD;RAC3;RAC1;RAC2;APPL1	63	KEGG_2021_Human
Propanoate metabolism	11/34	0.00286579451647416	0.013746858071212	3.20717198328663	18.777702191332	BCKDHB;BCKDHA;DLD;SUCLG2;SUCLG1;ACAT1;ECHS1;MCEE;LDHA;DBT;ACADS	64	KEGG_2021_Human
Fluid shear stress and atherosclerosis	30/139	0.00333640994408415	0.0157581208128282	1.85009345527701	10.5508238090217	IL1R1;IL1R2;MAPK11;CALM2;CALM3;CALM1;TNF;ACTB;GPC1;AKT1;MAP3K7;PRKCZ;TXN2;ACTG1;TXN;PDGFA;RHOA;JUN;PIK3CB;IFNG;BCL2;ARHGEF2;NFE2L2;HSP90AB1;PIK3CD;SUMO2;RAC3;RAC1;RAC2;MAPK7	65	KEGG_2021_Human
N-Glycan biosynthesis	14/50	0.00372283884226139	0.017316841281428	2.60892151811781	14.5923992561279	ALG13;DPM1;DPM2;DPM3;DPAGT1;FUT8;ALG8;ST6GAL1;ALG5;ALG3;ALG1;ALG2;DAD1;GANAB	66	KEGG_2021_Human
Bacterial invasion of epithelial cells	19/77	0.00391033258639867	0.0179174940899163	2.19912691737755	12.1922517798667	ACTR3;RHOA;DNM2;PIK3CB;ELMO1;ARPC1A;ARPC5L;ACTB;WASF2;SEPTIN1;SEPTIN8;CDC42;ARPC4;ARPC2;HCLS1;ITGB1;ACTG1;PIK3CD;RAC1	67	KEGG_2021_Human
Non-small cell lung cancer	18/72	0.00422658954006319	0.0190818086588147	2.23735810113519	12.2302045308702	CDK6;PIK3CB;BAX;RAF1;STK4;KIF5C;AKT1;MAP2K2;CDKN2A;MAP2K1;PDPK1;GADD45G;KRAS;PIK3CD;RASSF5;PLCG1;JAK3;STAT5A	68	KEGG_2021_Human
Lipid and atherosclerosis	42/215	0.00433721419790859	0.0192974602718542	1.63351246387283	8.88716217435013	MAPK11;HSPA1A;BAX;CALM2;CALM3;CALM1;AKT1;XBP1;PLCG1;TNFSF10;RHOA;JUN;NFATC2;ARHGEF1;RAP1A;RAP1B;CD40LG;ERO1A;RAC1;FAS;TNF;TANK;MAP3K7;LDLR;MAP2K3;TNFRSF10A;TRAF2;BCL2L1;NCF4;FASLG;HSPA8;HSPA4;PIK3CB;BCL2;NFE2L2;CASP7;PDPK1;CDC42;KRAS;HSP90AB1;PIK3CD;CCL5	69	KEGG_2021_Human
Platelet activation	27/124	0.00456612677940329	0.0200257274468116	1.87019117205485	10.0786284785012	PPP1CA;MAPK11;STIM1;ORAI1;MYL12B;PPP1CC;ACTB;AKT1;F2R;MYL12A;PRKCZ;ACTG1;RASGRP1;RHOA;PPP1R12A;ITGA2;APBB1IP;PIK3CB;LCP2;ARHGEF1;SNAP23;PIK3R5;ITPR3;RAP1A;RAP1B;ITGB1;PIK3CD	70	KEGG_2021_Human
Autophagy	29/137	0.00515755279382688	0.0223009677141528	1.80438600279253	9.50422990029371	TSC2;RRAGC;RAF1;TANK;AKT1;MAP3K7;GABARAPL2;MAP2K2;MAP2K1;RAB39B;BCL2L1;PRKCQ;HIF1A;MLST8;CFLAR;WIPI2;PIK3CB;BCL2;HMGB1;IGBP1;DAPK2;PDPK1;RPS6KB2;DDIT4;KRAS;BECN1;PTEN;RB1CC1;PIK3CD	71	KEGG_2021_Human
Glioma	18/75	0.00667034018122243	0.0284415893838234	2.11923578295584	10.6175501756805	CDK6;PIK3CB;BAX;CAMK4;CALM2;CALM3;CALM1;RAF1;AKT1;MAP2K2;CDKN2A;MAP2K1;GADD45G;KRAS;PTEN;PDGFA;PIK3CD;PLCG1	72	KEGG_2021_Human
Valine, leucine and isoleucine degradation	13/48	0.00691638263172789	0.0287412028478718	2.49096727914804	12.3897284572739	BCKDHB;BCKDHA;HMGCS1;MCCC2;DLD;ACAT1;ECHS1;HSD17B10;MCEE;AUH;DBT;OXCT1;ACADS	73	KEGG_2021_Human
C-type lectin receptor signaling pathway	23/104	0.00692784694052937	0.0287412028478718	1.90661994552391	9.48010751579022	MAPK11;MAPKAPK2;CALM2;CALM3;CALM1;RAF1;TNF;RELB;AKT1;PLK3;NFKB2;RHOA;JUN;PTPN11;NFATC2;IRF1;CYLD;PIK3CB;BCL3;ITPR3;KRAS;LSP1;PIK3CD	74	KEGG_2021_Human
Necroptosis	32/159	0.00752158351034757	0.0307883485023561	1.69328717178835	8.28013801677226	ZBP1;FAS;BAX;TNF;CAPN2;TNFRSF10A;TRAF2;TRAF5;BIRC3;CHMP5;FASLG;CHMP1B;TNFSF10;DNM1L;STAT5A;RIPK3;EIF2AK2;CFLAR;TYK2;CYLD;IFNG;BCL2;TRADD;HMGB1;SHARPIN;STAT4;XIAP;HSP90AB1;FAF1;AIFM1;JAK3;JAK1	75	KEGG_2021_Human
Chronic myeloid leukemia	18/76	0.00770226135342574	0.031113082046075	2.08257713248639	10.1343228753984	RUNX1;PTPN11;CDK6;PIK3CB;BAX;RAF1;AKT1;MAP2K2;CDKN2A;MAP2K1;GADD45G;BCL2L1;KRAS;HDAC1;HDAC2;CTBP1;PIK3CD;STAT5A	76	KEGG_2021_Human
Inflammatory bowel disease	16/65	0.00792150210152793	0.0315831317554425	2.1906340262323	10.5986695352687	JUN;FOXP3;IFNG;IL18R1;IL21R;TNF;IL2RG;TBX21;IL12RB2;STAT4;IL21;IL23R;RORC;GATA3;RORA;IL18RAP	77	KEGG_2021_Human
Viral myocarditis	15/60	0.00858704999246862	0.0336997753304117	2.23592320577245	10.637404708323	ACTB;HLA-C;HLA-A;HLA-B;HLA-E;EIF4G1;CD40LG;EIF4G3;EIF4G2;ITGB2;ACTG1;SGCB;RAC3;RAC1;RAC2	78	KEGG_2021_Human
Viral protein interaction with cytokine and cytokine receptor	22/100	0.00867192915668574	0.0336997753304117	1.89346054462334	8.98951446979279	CXCL13;TNF;IL2RG;TNFSF14;TNFRSF10A;IL18RAP;TNFSF10;CCR2;CCL20;IL10RB;XCL1;TNFRSF1B;IL18R1;CCR8;CCR6;CCR5;CCR4;IL2RA;IL2RB;LTA;CCL5;CXCR3	79	KEGG_2021_Human
Chemokine signaling pathway	37/192	0.00882706876383085	0.0338738763812009	1.60470603030875	7.59015085716817	CXCL13;ELMO1;RAF1;GNG2;AKT1;MAP2K1;PRKCZ;GNB5;PLCG1;CCR2;RHOA;CCL20;XCL1;PIK3CB;DOCK2;ITK;GSK3A;PIK3R5;GRK2;RAP1A;RAP1B;CCR8;CCR6;CCR5;CCR4;CDC42;KRAS;CXCR6;WAS;PIK3CD;CCL5;CXCR3;PTK2B;RAC3;RAC1;RAC2;JAK3	80	KEGG_2021_Human
Insulin signaling pathway	28/137	0.00963005483834935	0.0364990967330031	1.72541220247642	8.01085826969178	TSC2;PPP1CA;CALM2;CALM3;CALM1;RAF1;PPP1CC;AKT1;MAP2K2;MAP2K1;PRKCZ;LIPE;PRKAR2A;FLOT2;PIK3CB;EXOC7;EIF4E2;HK1;SOCS1;SOCS2;MKNK1;MKNK2;PCK2;PDPK1;RPS6KB2;KRAS;PIK3CD;PHKG2	81	KEGG_2021_Human
JAK-STAT signaling pathway	32/162	0.00991244966048854	0.0371112444606095	1.65392397485783	7.63114529902487	PTPN2;RAF1;IL21R;IL2RG;IL27RA;CCND2;AKT1;IL12RB2;CISH;STAM;BCL2L1;IL23R;PDGFA;PIM1;STAT5A;IL10RB;PTPN11;TYK2;PIK3CB;IFNG;BCL2;IL9R;SOCS1;SOCS2;STAT4;IL2RA;IL2RB;IL21;PIK3CD;EP300;JAK3;JAK1	82	KEGG_2021_Human
Glycolysis / Gluconeogenesis	16/67	0.0106898613380149	0.039068897985364	2.10448417572752	9.55111625299679	PDHA1;TPI1;HK1;LDHA;PGK1;PCK2;PGAM1;PKM;PFKL;DLD;GALM;GAPDH;PFKP;ENO1;ENO2;PGM1	83	KEGG_2021_Human
Long-term potentiation	16/67	0.0106898613380149	0.039068897985364	2.10448417572752	9.55111625299679	PPP1CA;CAMK4;CALM2;CALM3;CALM1;RAF1;ITPR3;PPP1CC;RAP1A;RAP1B;MAP2K2;MAP2K1;KRAS;RPS6KA1;EP300;RPS6KA3	83	KEGG_2021_Human
Insulin resistance	23/108	0.0109954477825217	0.0397129702262841	1.81647697465958	8.19280874287255	PPP1CA;SLC27A2;TNF;PPP1CC;CREB3L2;AKT1;CREB3;PRKCZ;PRKCQ;SLC27A5;SLC2A1;PTPN11;PIK3CB;MLX;PCK2;PDPK1;NR1H2;TBC1D4;RPS6KB2;PTEN;PIK3CD;RPS6KA1;RPS6KA3	85	KEGG_2021_Human
MAPK signaling pathway	52/294	0.0126683822467212	0.0452231784853886	1.44565224436882	6.31554286087326	IL1R1;MAPK11;HSPA1A;FLT3LG;AKT1;JUND;DAXX;GADD45G;PDGFA;DUSP4;JUN;RAP1A;RAP1B;MAP4K1;TAOK2;TAOK3;RAC3;RAC1;RAC2;FAS;MAPKAPK2;PTPN7;RAF1;TNF;RELB;PAK2;MAP3K7;MAP2K2;MAP2K3;MAP2K1;TRAF2;NFKB2;CACNB3;CACNB1;MAP3K13;FASLG;RASGRP1;HSPA8;PPP5C;TRADD;STK4;DUSP10;MKNK1;MKNK2;NTRK2;CDC42;KRAS;SRF;RPS6KA4;RPS6KA1;RPS6KA3;MAPK7	86	KEGG_2021_Human
mRNA surveillance pathway	21/98	0.0136806208642967	0.0482752943142423	1.83026311154943	7.85507743445667	CPSF2;CPSF3;UPF3B;PPP1CA;SSU72;PPP1CC;PABPN1;PYM1;MSI2;GSPT1;NCBP2;PPP2R5A;MAGOHB;DDX19A;DDX19B;ETF1;RBM8A;SYMPK;PPP2R3C;PPP2R2B;SMG7	87	KEGG_2021_Human
Cardiac muscle contraction	19/87	0.0151534720397192	0.0528649535931112	1.87464416660973	7.85386971892497	TPM4;TPM3;ATP1B3;ATP1B1;UQCRC2;UQCRC1;COX7C;ATP1A3;UQCR11;COX6A1;TPM1;COX8A;COX6B1;CACNB3;CACNB1;COX5A;ATP2A3;COX7A2;CYC1	88	KEGG_2021_Human
Toxoplasmosis	23/112	0.0167959345983921	0.0579365384461392	1.73443674274935	7.0879811239827	MAPK11;HSPA1A;PPIF;TNF;AKT1;MAP3K7;LDLR;MAP2K3;BCL2L1;BIRC3;HSPA8;IL10RB;TYK2;IFNG;BCL2;PIK3R5;SOCS1;CCR5;PDPK1;XIAP;CD40LG;ITGB1;JAK1	89	KEGG_2021_Human
Hepatitis B	31/162	0.0170382168097983	0.058119250673423	1.58929753771515	6.47209065784599	MAPK11;FAS;BAX;RAF1;PCNA;TNF;CREB3L2;AKT1;MAP3K7;MAP2K2;MAP2K3;MAP2K1;CREB3;MAVS;FASLG;STAT5A;JUN;NFATC2;TYK2;PIK3CB;BCL2;YWHAB;YWHAQ;STAT4;YWHAZ;KRAS;PIK3CD;EP300;PTK2B;JAK3;JAK1	90	KEGG_2021_Human
Terpenoid backbone biosynthesis	7/22	0.018037860070536	0.0608530004577424	3.12603725112396	12.5519223335215	FDPS;IDI1;HMGCS1;ACAT1;DHDDS;ZMPSTE24;MVD	91	KEGG_2021_Human
Adherens junction	16/71	0.0184725712160562	0.0616421669927094	1.95098080573719	7.78727800891288	RHOA;ACTN4;IQGAP1;PTPRJ;ACTB;MAP3K7;WASF2;CSNK2A2;CSNK2A1;CDC42;ACTG1;WAS;EP300;RAC3;RAC1;RAC2	92	KEGG_2021_Human
Type I diabetes mellitus	11/43	0.0191678328930675	0.0632744591201262	2.30396082593593	9.11106325514838	PTPRN2;HLA-C;HLA-A;HLA-B;HLA-E;FAS;IFNG;LTA;TNF;FASLG;ICA1	93	KEGG_2021_Human
Longevity regulating pathway	21/102	0.0210489415743547	0.068744947482201	1.73947795141131	6.7159591228138	TSC2;HSPA1A;BAX;CREB3L2;AKT1;CREB3;EIF4EBP2;HSPA8;PIK3CB;CAMK4;EIF4E2;ADIPOR1;SOD1;RPS6KB2;KRAS;HDAC1;HDAC2;EHMT2;RB1CC1;PIK3CD;APPL1	94	KEGG_2021_Human
Osteoclast differentiation	25/127	0.0216364520298649	0.0698708180767305	1.64501966871343	6.30597857656712	IL1R1;MAPK11;TNF;RELB;AKT1;MAP3K7;JUND;MAP2K1;TRAF2;NFKB2;FOSL2;NCF4;JUN;NFATC2;TYK2;CYLD;PIK3CB;IFNG;CAMK4;LCP2;SOCS1;LCK;PIK3CD;RAC1;JAK1	95	KEGG_2021_Human
SNARE interactions in vesicular transport	9/33	0.021848855164059	0.0698708180767305	2.51263015811801	9.60730964301172	VAMP2;STX1A;BET1;GOSR1;SNAP23;GOSR2;USE1;YKT6;STX4	96	KEGG_2021_Human
Pathways in cancer	85/531	0.0242089244321404	0.0766199979450218	1.28357661177535	4.77623213137632	BAX;RALB;RALA;GNG2;TFG;AKT1;JAG2;CTBP1;PDGFA;HIF1A;PLCG1;JUN;CCDC6;EGLN2;CDKN2A;STAT4;APPL1;JAK3;JAK1;TPM3;MSH3;IL12RB2;MAP2K2;F2R;MAP2K1;TRAF1;TRAF2;NFKB2;TRAF5;BCL2L1;BIRC3;CUL2;FASLG;PIM2;PIM1;ITGA2;CDK6;PIK3CB;BCL2;NFE2L2;RALGDS;CDC42;IL2RA;IL2RB;ITGB1;HDAC1;HSP90AB1;HDAC2;PTEN;PIK3CD;RUNX1;CALM2;CALM3;CALM1;IL2RG;FLT3LG;GADD45G;IL23R;LPAR2;RASSF5;SKP1;STAT5A;RHOA;NCOA1;ARHGEF1;XIAP;PTGER4;EP300;RAC3;RAC1;RAC2;RALBP1;FAS;RAF1;CCND2;GNB5;SLC2A1;ETS1;RASGRP1;IFNG;STK4;CASP7;DAPK2;RPS6KB2;KRAS	97	KEGG_2021_Human
Mitophagy	15/68	0.0264789712812508	0.0823218760635854	1.89755016008927	6.89077199594518	USP8;JUN;OPTN;MFN2;TFE3;FIS1;GABARAPL2;CSNK2A2;CSNK2A1;NBR1;BCL2L1;KRAS;BECN1;HIF1A;UBC	98	KEGG_2021_Human
Basal transcription factors	11/45	0.0265467939097556	0.0823218760635854	2.16818398528844	7.86800642250063	TAF13;TAF12;GTF2H1;TAF10;GTF2F2;GTF2H4;GTF2H5;TAF9;TAF8;MNAT1;TAF3	99	KEGG_2021_Human
NOD-like receptor signaling pathway	33/181	0.0273939835306534	0.0840995294391058	1.49719104078777	5.38604276392014	MAPK11;TNF;ANTXR2;TANK;MFN2;GBP1;MAP3K7;GBP5;GABARAPL2;TRAF2;MAVS;TRAF5;BCL2L1;BIRC3;TXN2;TXN;BRCC3;DNM1L;GSDMD;RHOA;JUN;RIPK3;TYK2;OAS3;BCL2;ITPR3;SHARPIN;PSTPIP1;CASP4;XIAP;HSP90AB1;CCL5;JAK1	100	KEGG_2021_Human
Focal adhesion	36/201	0.0281786196869129	0.0856518439988342	1.46528732374407	5.22989143567255	ACTN4;MYL12B;ACTB;AKT1;MYL12A;PDGFA;RHOA;JUN;RAP1A;RAP1B;XIAP;RAC3;RAC1;RAC2;PPP1CA;RAF1;PPP1CC;PAK2;CCND2;CAPN2;MAP2K1;BIRC3;ACTG1;ITGA1;PPP1R12A;ITGA4;ITGA2;PARVB;PIK3CB;BCL2;PDPK1;CDC42;ITGB1;PTEN;PIK3CD;ITGB7	101	KEGG_2021_Human
Hepatitis C	29/157	0.0315613603200549	0.0949935060613418	1.52068961329188	5.25523213609619	FAS;BAX;RAF1;TNF;AKT1;LDLR;MAP2K2;MAP2K1;TRAF2;MAVS;PSME3;FASLG;EIF2AK2;EIF2AK1;CFLAR;TYK2;CDK6;PIK3CB;OAS3;IFNG;YWHAG;YWHAB;TRADD;YWHAQ;YWHAZ;KRAS;PIK3CD;PPP2R2B;JAK1	102	KEGG_2021_Human
Nucleotide excision repair	11/47	0.035780908095583	0.106647949372272	2.04749346026845	6.8188510519672	GTF2H1;RPA3;RAD23B;GTF2H4;GTF2H5;ERCC4;POLE3;POLE4;MNAT1;PCNA;POLD2	103	KEGG_2021_Human
DNA replication	9/36	0.0373591663259898	0.110281385212297	2.23306337575524	7.34047452474742	RPA3;RNASEH1;POLE3;POLE4;MCM5;RNASEH2A;PCNA;RNASEH2B;POLD2	104	KEGG_2021_Human
Circadian rhythm	8/31	0.0406892341980779	0.118967570464856	2.32979115685026	7.45950607620125	FBXW11;PER2;BHLHE40;CLOCK;RORC;RORA;CSNK1D;SKP1	105	KEGG_2021_Human
Antigen processing and presentation	16/78	0.0416027527531627	0.120490991464348	1.73001022877529	5.50072139287977	HSPA8;HSPA4;TAP1;RFX5;IFNG;HSPA1A;TNF;B2M;HLA-C;RFXANK;HLA-A;HLA-B;HLA-E;PSME3;PSME1;HSP90AB1	106	KEGG_2021_Human
Allograft rejection	9/38	0.0510944248518849	0.146598022705875	2.07881963376199	6.18257566859728	HLA-C;HLA-A;HLA-B;HLA-E;FAS;IFNG;CD40LG;TNF;FASLG	107	KEGG_2021_Human
Ras signaling pathway	39/232	0.0549545202577817	0.154999828448536	1.3564799184893	3.93548646854917	CALM2;CALM3;CALM1;RALB;RALA;GNG2;FLT3LG;AKT1;PDGFA;RASSF5;PLCG1;RHOA;RAB5C;RASAL3;RAP1A;RAP1B;RAC3;RAC1;RAC2;RALBP1;RAF1;PAK2;MAP2K2;MAP2K1;BCL2L1;GNB5;FASLG;ETS1;RASGRP1;PTPN11;PIK3CB;LAT;STK4;RALGDS;NTRK2;CDC42;ZAP70;KRAS;PIK3CD	108	KEGG_2021_Human
Proteoglycans in cancer	35/205	0.0550325123807507	0.154999828448536	1.38174568619813	4.00682916039104	MAPK11;ACTB;AKT1;EZR;HIF1A;PLCG1;RHOA;ARHGEF1;IQGAP1;HCLS1;CD44;RAC1;PPP1CA;FAS;RAF1;TNF;PPP1CC;GPC1;MAP2K2;MAP2K1;HPSE;ACTG1;FASLG;PPP1R12A;MSN;ITGA2;PTPN11;PIK3CB;ITPR3;PDPK1;CDC42;RPS6KB2;KRAS;ITGB1;PIK3CD	109	KEGG_2021_Human
B cell receptor signaling pathway	16/81	0.0561190912106615	0.155541026421769	1.64987804152537	4.75210943451297	JUN;NFATC2;PIK3CB;RAF1;IFITM1;AKT1;MAP2K2;MAP2K1;KRAS;PIK3CD;DAPP1;CD79B;INPP5D;RAC3;RAC1;RAC2	110	KEGG_2021_Human
Influenza A	30/172	0.0566555593736272	0.155541026421769	1.41743149409677	4.06911295116768	FAS;BAX;RAF1;TNF;ACTB;PABPN1;AKT1;KPNA6;FDPS;MAP2K2;MAP2K1;TNFRSF10A;MAVS;ACTG1;FASLG;TNFSF10;EIF2AK2;TYK2;CDK6;PIK3CB;OAS3;IFNG;TRADD;ADAR;HNRNPUL1;PIK3CD;XPO1;EP300;CCL5;JAK1	111	KEGG_2021_Human
Fructose and mannose metabolism	8/33	0.0567446089877464	0.155541026421769	2.14316114109483	6.14914642213107	TPI1;SORD;PFKL;PFKP;HK1;KHK;GMDS;GMPPB	112	KEGG_2021_Human
Prolactin signaling pathway	14/70	0.0648986194461965	0.176317488229932	1.67523183925811	4.58164001747918	MAPK11;IRF1;PIK3CB;RAF1;SOCS1;SOCS2;CCND2;AKT1;MAP2K2;CISH;MAP2K1;KRAS;PIK3CD;STAT5A	113	KEGG_2021_Human
Phosphatidylinositol signaling system	18/97	0.0746907657523962	0.201140921806892	1.52712897284164	3.96198159330381	CALM2;CALM3;CALM1;INPP1;DGKE;MTMR6;DGKZ;INPP4B;INPP5D;INPP5F;PLCG1;PIK3CB;PI4KB;ITPR3;PTEN;PIK3CD;PIP4P1;CDIPT	114	KEGG_2021_Human
Cell cycle	22/124	0.0794306997040779	0.21204543312306	1.44593403252774	3.66236342358889	PCNA;CCND2;PTTG1;GADD45G;ANAPC13;CDC14A;PRKDC;ANAPC10;SKP1;RBL2;CDK6;MCM5;YWHAG;YWHAB;RAD21;YWHAQ;CDKN2A;YWHAZ;HDAC1;HDAC2;EP300;BUB3	115	KEGG_2021_Human
Cytokine-cytokine receptor interaction	47/295	0.0811263145790979	0.214704987722268	1.27209456473707	3.19518085122908	IL1R1;IL1R2;TNFSF4;IL21R;IL2RG;IL27RA;IL17RA;TNFSF14;IL23R;TNFSF12;TNFSF10;CCR2;IL16;CCL20;IL10RB;IL18R1;CCR8;CCR6;CCR5;CCR4;IL32;CD40LG;IL21;IL26;CXCR6;CXCR3;CD70;CXCL13;FAS;TNF;IL12RB2;TNFRSF10A;FASLG;IL18RAP;TNFRSF9;TNFRSF4;XCL1;TNFRSF1B;IFNG;IL9R;TNFRSF25;TNFRSF18;IL2RA;IL2RB;LTB;LTA;CCL5	116	KEGG_2021_Human
Acute myeloid leukemia	13/67	0.0891321254691441	0.233876602726729	1.61274909517474	3.89903939135331	RUNX1;PIK3CB;RAF1;AKT1;MAP2K2;MAP2K1;PER2;RPS6KB2;KRAS;PIK3CD;PIM2;PIM1;STAT5A	117	KEGG_2021_Human
Thyroid cancer	8/37	0.0994791364077818	0.258814363366009	1.84712732300003	4.26281399605512	MAP2K2;MAP2K1;TPM3;GADD45G;BAX;CCDC6;KRAS;TFG	118	KEGG_2021_Human
Phospholipase D signaling pathway	25/148	0.101952277492639	0.263019741094454	1.36250634916128	3.11094322517839	TSC2;RAF1;RALB;DGKE;RALA;AKT1;MAP2K2;F2R;MAP2K1;DGKZ;LPAR2;PDGFA;PLCG1;RHOA;PTPN11;DNM2;PIK3CB;ARF1;PIK3R5;AGPAT1;RALGDS;KRAS;PIK3CD;PTK2B;CYTH2	119	KEGG_2021_Human
Vibrio cholerae infection	10/50	0.107572093540538	0.275082693147405	1.67418981481481	3.73276359712039	ARF1;KDELR2;ACTB;SEC61B;PDIA4;ATP6V1D;ERO1A;ACTG1;SEC61A1;PLCG1	120	KEGG_2021_Human
One carbon pool by folate	5/20	0.108420214562984	0.275082693147405	2.23116416377872	4.95706828940188	MTHFR;MTHFS;ATIC;MTHFD1;MTHFD1L	121	KEGG_2021_Human
Human papillomavirus infection	51/331	0.111843244104693	0.281441606066729	1.22223497787982	2.67749760292014	BAX;PSMC1;CREB3L2;AKT1;HLA-C;HLA-A;HLA-B;TUBG1;HLA-E;PRKCZ;RBPJ;TYK2;PTGER4;EP300;JAK1;TSC2;FAS;RAF1;TNF;CCND2;MAP2K2;MAP2K1;SLC9A3R1;CREB3;DLG3;ATP6V1D;FASLG;ITGA1;ITGA4;EIF2AK2;ITGA2;PPP2R5A;IRF1;RBL2;CDK6;PIK3CB;TRADD;CHD4;PPP2R3C;CDC42;PKM;RPS6KB2;KRAS;ITGB1;HDAC1;HDAC2;PTEN;PIK3CD;PPP2R2B;OASL;ITGB7	122	KEGG_2021_Human
Adrenergic signaling in cardiomyocytes	25/150	0.114431748594124	0.285614201775579	1.34055102832751	2.90601530563434	TPM4;TPM3;ATP1B3;ATP1B1;PPP1CA;MAPK11;CALM2;CALM3;CALM1;ATP1A3;PPP1CC;CREB3L2;AKT1;TPM1;CREB3;CACNB3;CACNB1;CREM;PPP2R5A;BCL2;PIK3R5;ATP2B4;PPP2R3C;ATP2A3;PPP2R2B	123	KEGG_2021_Human
Hypertrophic cardiomyopathy	16/90	0.119221869435855	0.295170273522641	1.44846470600531	3.08054993971296	ITGA1;ITGA4;TPM4;TPM3;ITGA2;TNF;ACTB;TPM1;EMD;CACNB3;CACNB1;ITGB1;ACTG1;ATP2A3;SGCB;ITGB7	124	KEGG_2021_Human
Prostate cancer	17/97	0.122237909852386	0.300216306597461	1.42362669245648	2.99215872607318	IL1R2;RAF1;CREB3L2;AKT1;MAP2K2;MAP2K1;CREB3;PDGFA;ZEB1;PIK3CB;BCL2;PDPK1;KRAS;HSP90AB1;PTEN;PIK3CD;EP300	125	KEGG_2021_Human
FoxO signaling pathway	22/131	0.124448034400205	0.303218623498913	1.3525282696821	2.81848908806215	USP7;MAPK11;RAF1;CCND2;AKT1;GABARAPL2;MAP2K2;MAP2K1;PLK3;GADD45G;FASLG;TNFSF10;RBL2;PIK3CB;AGAP2;STK4;PCK2;PDPK1;KRAS;PTEN;PIK3CD;EP300	126	KEGG_2021_Human
Endometrial cancer	11/58	0.126174118915853	0.305003578796589	1.56729924369955	3.24445429963386	PIK3CB;BAX;RAF1;AKT1;MAP2K2;MAP2K1;PDPK1;GADD45G;KRAS;PTEN;PIK3CD	127	KEGG_2021_Human
Synthesis and degradation of ketone bodies	3/10	0.130946186230429	0.314066243537044	2.86775133293025	5.83004907867218	OXCT1;HMGCS1;ACAT1	128	KEGG_2021_Human
Melanoma	13/72	0.136877132038047	0.321954508896557	1.47564991391218	2.93458307828944	CDK6;PIK3CB;BAX;RAF1;AKT1;MAP2K2;CDKN2A;MAP2K1;GADD45G;KRAS;PTEN;PDGFA;PIK3CD	129	KEGG_2021_Human
cAMP signaling pathway	34/216	0.136952202274709	0.321954508896557	1.25240491595632	2.48993539762282	ORAI1;CALM2;CALM3;CALM1;CREB3L2;AKT1;LIPE;RHOA;JUN;CAMK4;RAP1A;RAP1B;EP300;RAC3;RAC1;RAC2;ATP1B3;ATP1B1;PPP1CA;RAF1;ATP1A3;PPP1CC;MAP2K2;F2R;MAP2K1;CREB3;PPP1R12A;PIK3CB;ADORA2A;PDE4B;PDE4D;ATP2B4;ATP2A3;PIK3CD	130	KEGG_2021_Human
Small cell lung cancer	16/92	0.137381239952602	0.321954508896557	1.41018439369886	2.79920959742973	ITGA2;CDK6;PIK3CB;BAX;BCL2;AKT1;GADD45G;TRAF1;TRAF2;TRAF5;XIAP;BCL2L1;BIRC3;ITGB1;PTEN;PIK3CD	131	KEGG_2021_Human
mTOR signaling pathway	25/154	0.142122922758292	0.330543464293905	1.29868274208638	2.53381177229854	TSC2;RRAGC;RAF1;TNF;AKT1;MAP2K2;MAP2K1;ATP6V1D;MLST8;RHOA;SEC13;SLC7A5;PIK3CB;LPIN2;EIF4E2;SEH1L;PDPK1;CLIP1;RPS6KB2;DDIT4;KRAS;PTEN;PIK3CD;RPS6KA1;RPS6KA3	132	KEGG_2021_Human
Glucagon signaling pathway	18/107	0.151230393104045	0.34908068182663	1.35475875743556	2.5590726696132	CALM2;CALM3;CALM1;CREB3L2;AKT1;CREB3;SLC2A1;PPP4C;PDHA1;ITPR3;LDHA;PCK2;PGAM1;PKM;PFKL;PFKP;PHKG2;EP300	133	KEGG_2021_Human
Oocyte meiosis	21/129	0.163828437684465	0.371704311377455	1.30257436824659	2.35627302965127	FBXW11;PPP1CA;MAPK11;CALM2;CALM3;CALM1;PPP1CC;PTTG1;MAP2K1;ANAPC13;ANAPC10;SKP1;PPP2R5A;YWHAG;YWHAB;ITPR3;YWHAQ;REC8;YWHAZ;RPS6KA1;RPS6KA3	134	KEGG_2021_Human
Purine metabolism	21/129	0.163828437684465	0.371704311377455	1.30257436824659	2.35627302965127	ENTPD5;PDE7A;HDDC3;ITPA;AK2;AK3;AK6;DGUOK;NME1;ADA;ATIC;PDE4B;PDE4D;APRT;PKM;PRPS2;GMPR2;NUDT2;GUK1;PDE6D;PGM1	134	KEGG_2021_Human
Amino sugar and nucleotide sugar metabolism	9/48	0.164663799176983	0.371704311377455	1.54489898840072	2.78676521296245	GALK1;NAGK;CMAS;HK1;CYB5R3;CYB5R4;GMDS;GMPPB;PGM1	136	KEGG_2021_Human
Chagas disease	17/102	0.169063597136785	0.378850542489	1.33949709864603	2.38092973211471	MAPK11;FAS;TNF;AKT1;FASLG;JUN;CFLAR;PIK3CB;IFNG;CD247;CD3G;CD3E;CD3D;PIK3CD;PPP2R2B;GNA15;CCL5	137	KEGG_2021_Human
Graft-versus-host disease	8/42	0.172266907836104	0.383231454389013	1.57503741666289	2.77003439401583	HLA-C;HLA-A;HLA-B;HLA-E;FAS;IFNG;TNF;FASLG	138	KEGG_2021_Human
Phosphonate and phosphinate metabolism	2/6	0.177809410642487	0.389813614113894	3.345	5.77695893218905	PCYT1A;CEPT1	139	KEGG_2021_Human
Dilated cardiomyopathy	16/96	0.17804261762023	0.389813614113894	1.33936581593194	2.31138689361888	ITGA1;ITGA4;TPM4;TPM3;ITGA2;TNF;ACTB;TPM1;EMD;CACNB3;CACNB1;ITGB1;ACTG1;ATP2A3;SGCB;ITGB7	140	KEGG_2021_Human
Adipocytokine signaling pathway	12/69	0.180304668417501	0.389813614113894	1.40955090428775	2.41471188269575	ACSL3;PTPN11;ACSL4;TNFRSF1B;TRADD;TNF;ADIPOR1;AKT1;PCK2;TRAF2;PRKCQ;SLC2A1	141	KEGG_2021_Human
Amphetamine addiction	12/69	0.180304668417501	0.389813614113894	1.40955090428775	2.41471188269575	JUN;PPP1CA;CAMK4;CALM2;CALM3;CALM1;STX1A;PPP1CC;CREB3L2;CREB3;HDAC1;HDAC2	141	KEGG_2021_Human
Glyoxylate and dicarboxylate metabolism	6/30	0.187473466394669	0.402478001280862	1.67315100154083	2.80105213502532	CS;ACO2;DLD;ACAT1;MCEE;HYI	143	KEGG_2021_Human
Aldosterone-regulated sodium reabsorption	7/37	0.198737093688745	0.423696442794755	1.56166987797046	2.52330318819982	PDPK1;ATP1B3;ATP1B1;PIK3CB;KRAS;ATP1A3;PIK3CD	144	KEGG_2021_Human
Galactose metabolism	6/31	0.208673428493041	0.438785907858655	1.60613251155624	2.51678521979667	GALK1;PFKL;GALM;PFKP;HK1;PGM1	145	KEGG_2021_Human
RNA polymerase	6/31	0.208673428493041	0.438785907858655	1.60613251155624	2.51678521979667	POLR3K;POLR2A;POLR2F;POLR2H;POLR2I;POLR2L	145	KEGG_2021_Human
Hematopoietic cell lineage	16/99	0.212066234116213	0.439982738493711	1.29073137095948	2.00173930165643	IL1R1;IL1R2;CD2;CD5;TNF;FLT3LG;ITGA1;ITGA4;ITGA2;IL9R;CD3G;CD3E;CD3D;CD37;IL2RA;CD44	147	KEGG_2021_Human
AMPK signaling pathway	19/120	0.21210894233573	0.439982738493711	1.25973329040221	1.9534120496318	TSC2;CREB3L2;AKT1;MAP3K7;EEF2;CREB3;LIPE;PPP2R5A;PIK3CB;ADIPOR1;PCK2;PDPK1;PPP2R3C;TBC1D1;PFKL;RPS6KB2;PFKP;PIK3CD;PPP2R2B	148	KEGG_2021_Human
Notch signaling pathway	10/59	0.232345580068999	0.478725456920689	1.36597694633409	1.99368357622452	PSENEN;DTX3L;CIR1;ATXN1;JAG2;HDAC1;HDAC2;CTBP1;RBPJ;EP300	149	KEGG_2021_Human
Inositol phosphate metabolism	12/73	0.235707080865848	0.482413825505436	1.31681752009621	1.90301915454532	TPI1;PIK3CB;PI4KB;INPP1;MTMR6;INPP4B;PTEN;PIK3CD;INPP5D;INPP5F;PLCG1;CDIPT	150	KEGG_2021_Human
Estrogen signaling pathway	21/137	0.242385989473159	0.491668236486276	1.21218052345389	1.71793111884053	HSPA1A;CALM2;CALM3;CALM1;RAF1;CREB3L2;AKT1;MAP2K2;MAP2K1;CREB3;JUN;NCOA1;HSPA8;KRT10;PIK3CB;BCL2;ITPR3;KRAS;EBAG9;HSP90AB1;PIK3CD	151	KEGG_2021_Human
Type II diabetes mellitus	8/46	0.243431830442716	0.491668236486276	1.40891936858337	1.99068800526463	PKM;PRKCZ;PIK3CB;PIK3CD;TNF;HK1;SOCS1;SOCS2	152	KEGG_2021_Human
Phagosome	23/152	0.249495393959048	0.500621476767501	1.19386157124779	1.65745571841716	TAP1;TUBA4A;DYNC1LI1;DYNC1LI2;ACTB;HLA-C;HLA-A;HLA-B;HLA-E;ATP6V1D;NCF4;ACTG1;CORO1A;ITGA2;TUBB;RAB5C;SEC61B;DYNC1I2;ITGB2;ITGB1;TUBA1C;SEC61A1;RAC1	153	KEGG_2021_Human
Carbohydrate digestion and absorption	8/47	0.262591125501088	0.520099842121509	1.3727141529763	1.83553449297901	ATP1B3;ATP1B1;PIK3CB;ATP1A3;PIK3CD;HK1;AKT1;SLC37A4	154	KEGG_2021_Human
Pyruvate metabolism	8/47	0.262591125501088	0.520099842121509	1.3727141529763	1.83553449297901	PDHA1;PKM;HAGH;DLD;ACAT1;LDHA;ME2;PCK2	154	KEGG_2021_Human
Peroxisome	13/82	0.264974143845466	0.521455526670243	1.26105989106644	1.67484268120253	ACOT8;ACSL3;PEX10;ACSL4;PEX2;PEX16;FAR2;SLC27A2;GSTK1;IDH2;SOD1;AMACR;ECI2	156	KEGG_2021_Human
Biosynthesis of unsaturated fatty acids	5/27	0.269873416927557	0.522176199647545	1.52063569853327	1.99173206866235	ELOVL1;ELOVL5;ELOVL6;HACD3;FADS2	157	KEGG_2021_Human
Fatty acid elongation	5/27	0.269873416927557	0.522176199647545	1.52063569853327	1.99173206866235	ELOVL1;ELOVL5;ELOVL6;ECHS1;HACD3	157	KEGG_2021_Human
Oxytocin signaling pathway	23/154	0.270443048025927	0.522176199647545	1.17549852152885	1.53719206527672	PPP1CA;CALM2;CALM3;CALM1;RAF1;PPP1CC;ACTB;MAP2K2;MAP2K1;EEF2;CACNB3;CACNB1;ACTG1;RHOA;PPP1R12A;JUN;NFATC2;CAMK4;PIK3R5;ITPR3;KRAS;RYR1;MAPK7	159	KEGG_2021_Human
Sulfur relay system	2/8	0.279751980341892	0.532583268031412	2.22974358974359	2.84036300316421	NFS1;MPST	160	KEGG_2021_Human
Homologous recombination	7/41	0.280295909909792	0.532583268031412	1.37762665759946	1.75221631305439	RPA3;RAD50;RAD51C;BRCC3;BABAM1;POLD2;RBBP8	161	KEGG_2021_Human
Pertussis	12/76	0.281037424824393	0.532583268031412	1.25487451737452	1.59277135877063	RHOA;JUN;MAPK11;IRF1;CALM2;CALM3;CALM1;TNF;CASP7;CFL1;ITGB2;ITGB1	162	KEGG_2021_Human
Cell adhesion molecules	22/148	0.283918932936984	0.534743020930393	1.16889381075428	1.47171507304532	L1CAM;CD2;CD6;PDCD1;HLA-C;HLA-A;HLA-B;HLA-E;ICAM3;CD99;ITGA4;PTPRC;CD99L2;CTLA4;ICOS;CD226;CD40LG;ITGB2;ITGB1;SELPLG;ITGB7;TIGIT	163	KEGG_2021_Human
PI3K-Akt signaling pathway	50/354	0.286976453045578	0.537205921249955	1.10169010889292	1.37530047897419	IL2RG;GNG2;CREB3L2;FLT3LG;AKT1;LPAR2;PDGFA;MLST8;PCK2;RAC1;JAK3;JAK1;TSC2;RAF1;CCND2;MAP2K2;F2R;MAP2K1;CREB3;BCL2L1;GNB5;FASLG;ITGA1;ITGA4;ITGA2;PPP2R5A;RBL2;CDK6;PIK3CB;BCL2;EIF4E2;YWHAG;YWHAB;PIK3R5;YWHAQ;NTRK2;PDPK1;PPP2R3C;YWHAZ;RPS6KB2;IL2RA;DDIT4;IL2RB;KRAS;ITGB1;HSP90AB1;PTEN;PIK3CD;PPP2R2B;ITGB7	164	KEGG_2021_Human
Aldosterone synthesis and secretion	15/98	0.290074873585172	0.539715067822108	1.20959291359485	1.49701179077277	ATP1B3;ATP1B1;ORAI1;CALM2;CALM3;CALM1;ATP1A3;CREB3L2;LDLR;CREB3;PRKD2;LIPE;CAMK4;ITPR3;ATP2B4	165	KEGG_2021_Human
Butanoate metabolism	5/28	0.296400036502616	0.545464409631573	1.45443739431786	1.76866170282779	HMGCS1;ACAT1;ECHS1;OXCT1;ACADS	166	KEGG_2021_Human
Arrhythmogenic right ventricular cardiomyopathy	12/77	0.296718424783299	0.545464409631573	1.23549747549748	1.50109441203424	ITGA1;ITGA4;ITGA2;ACTB;EMD;CACNB3;CACNB1;ITGB1;ACTG1;ATP2A3;SGCB;ITGB7	167	KEGG_2021_Human
RIG-I-like receptor signaling pathway	11/70	0.298618038375105	0.545688915364032	1.24766303174614	1.50791304591119	MAPK11;CYLD;OTUD5;TRADD;TNF;TANK;MAP3K7;AZI2;TRAF2;RNF125;MAVS	168	KEGG_2021_Human
Hedgehog signaling pathway	9/56	0.301473622950185	0.547647350566312	1.28134666983942	1.53642787858151	FBXW11;IQCE;BCL2;GRK2;CCND2;CSNK1D;CSNK1G2;KIF3A;EVC2	169	KEGG_2021_Human
Thiamine metabolism	3/15	0.308782544192895	0.556193787078795	1.67237398999615	1.96523676215766	TPK1;AK2;NFS1	170	KEGG_2021_Human
ErbB signaling pathway	13/85	0.309801751109036	0.556193787078795	1.2083065104502	1.41592099584773	JUN;PIK3CB;RAF1;PAK2;AKT1;MAP2K2;MAP2K1;RPS6KB2;KRAS;PIK3CD;PLCG1;NCK1;STAT5A	171	KEGG_2021_Human
AGE-RAGE signaling pathway in diabetic complications	15/100	0.318120396527612	0.565532343273867	1.18099547511312	1.35262407055288	MAPK11;BAX;TNF;AKT1;PRKCZ;PIM1;PLCG1;STAT5A;JUN;PIK3CB;BCL2;CDC42;KRAS;PIK3CD;RAC1	172	KEGG_2021_Human
Legionellosis	9/57	0.320351534964935	0.565532343273867	1.25457963748554	1.42813359200086	HSPA8;HSPA1A;SAR1A;SAR1B;ARF1;TNF;CASP7;NFKB2;ITGB2	173	KEGG_2021_Human
GnRH signaling pathway	14/93	0.321626352535648	0.565532343273867	1.18593117210886	1.3452785805042	JUN;MAPK11;CALM2;CALM3;CALM1;RAF1;ITPR3;MAP2K2;MAP2K3;MAP2K1;CDC42;KRAS;PTK2B;MAPK7	174	KEGG_2021_Human
Cysteine and methionine metabolism	8/50	0.322371856915071	0.565532343273867	1.27444285347138	1.44273247738868	GSS;MTAP;ADI1;PSAT1;LDHA;MPST;SRM;MAT2B	175	KEGG_2021_Human
Axon guidance	26/182	0.33523460853024	0.584755822833998	1.11555383022774	1.21921629987089	SEMA4D;L1CAM;RAF1;MYL12B;PAK2;CFL1;SSH1;MYL12A;PRKCZ;PLCG1;PLXNA1;SRGAP3;RHOA;LIMK2;PTPN11;NFATC2;PIK3CB;PDPK1;CDC42;KRAS;ITGB1;PIK3CD;RAC3;RAC1;RAC2;NCK1	176	KEGG_2021_Human
Hepatocellular carcinoma	24/168	0.343780563457043	0.594554954083543	1.11546418412206	1.19103880351349	SMARCA4;BAX;RAF1;ACTB;AKT1;MAP2K2;MAP2K1;GADD45G;BCL2L1;ACTG1;DPF3;PLCG1;CDK6;PIK3CB;NFE2L2;SMARCC1;CDKN2A;PBRM1;ARID1A;RPS6KB2;KRAS;PTEN;PIK3CD;BRD7	177	KEGG_2021_Human
Pentose phosphate pathway	5/30	0.350493583107989	0.594554954083543	1.33792837889873	1.40270134562154	PFKL;PFKP;PRPS2;PGLS;PGM1	178	KEGG_2021_Human
Mannose type O-glycan biosynthesis	4/23	0.350535656967821	0.594554954083543	1.40828977756169	1.47630009885922	B3GALNT2;POMGNT2;POMGNT1;RXYLT1	179	KEGG_2021_Human
Mismatch repair	4/23	0.350535656967821	0.594554954083543	1.40828977756169	1.47630009885922	PCNA;RPA3;MSH3;POLD2	179	KEGG_2021_Human
Proximal tubule bicarbonate reclamation	4/23	0.350535656967821	0.594554954083543	1.40828977756169	1.47630009885922	ATP1A3;ATP1B3;ATP1B1;PCK2	179	KEGG_2021_Human
Growth hormone synthesis, secretion and action	17/119	0.378732500938705	0.637679948663078	1.11515151515152	1.08272862465274	MAPK11;RAF1;CREB3L2;AKT1;MAP2K2;MAP2K3;MAP2K1;CREB3;PLCG1;STAT5A;PIK3CB;ITPR3;SOCS1;SOCS2;KRAS;PIK3CD;EP300	182	KEGG_2021_Human
Primary bile acid biosynthesis	3/17	0.384127545709963	0.637679948663078	1.43329852140933	1.37135226409481	ACOT8;AMACR;SLC27A5	183	KEGG_2021_Human
Autoimmune thyroid disease	8/53	0.384269675904461	0.637679948663078	1.18927439390045	1.13743474590207	FAS;CTLA4;HLA-C;HLA-A;HLA-B;HLA-E;CD40LG;FASLG	184	KEGG_2021_Human
Endocrine and other factor-regulated calcium reabsorption	8/53	0.384269675904461	0.637679948663078	1.18927439390045	1.13743474590207	ATP1B3;ATP1B1;DNM2;ATP1A3;AP2B1;ATP2B4;AP2A2;AP2A1	184	KEGG_2021_Human
Glycerophospholipid metabolism	14/98	0.397198958835173	0.649352841254563	1.1150180319423	1.02951618362045	PISD;DGKE;PCYT1A;DGKZ;LPGAT1;PTDSS1;LYPLA1;LPIN2;AGPAT1;MBOAT2;LPCAT4;CEPT1;GPAT4;CDIPT	186	KEGG_2021_Human
Inflammatory mediator regulation of TRP channels	14/98	0.397198958835173	0.649352841254563	1.1150180319423	1.02951618362045	IL1R1;PPP1CA;MAPK11;CALM2;CALM3;CALM1;PPP1CC;MAP2K3;PRKCQ;PLCG1;PIK3CB;ITPR3;PTGER4;PIK3CD	186	KEGG_2021_Human
Various types of N-glycan biosynthesis	6/39	0.397649296924618	0.649352841254563	1.21620675164589	1.12156741122877	ALG3;ALG1;ALG13;ALG2;DAD1;FUT8	188	KEGG_2021_Human
cGMP-PKG signaling pathway	23/167	0.418519081191218	0.676947001983948	1.06857201326957	0.930761268282846	ATP1B3;ATP1B1;PPP1CA;PPIF;CALM2;CALM3;CALM1;RAF1;ATP1A3;PPP1CC;CREB3L2;AKT1;MAP2K2;MAP2K1;CREB3;RHOA;PPP1R12A;NFATC2;PIK3R5;ITPR3;ATP2B4;SRF;ATP2A3	189	KEGG_2021_Human
Apelin signaling pathway	19/137	0.419809584406461	0.676947001983948	1.07718655879053	0.93494842657972	TFAM;CALM2;CALM3;CALM1;RAF1;GNG2;AKT1;GABARAPL2;MAP2K2;MAP2K1;GNB5;LIPE;CAMK4;PIK3R5;ITPR3;RPS6KB2;KRAS;BECN1;RYR1	190	KEGG_2021_Human
Fatty acid biosynthesis	3/18	0.421162467032359	0.676947001983948	1.33766833397461	1.15673078350566	ACSL3;ACSL4;MCAT	191	KEGG_2021_Human
Ubiquinone and other terpenoid-quinone biosynthesis	2/11	0.429065146511445	0.686057291557362	1.48623931623932	1.25757621776279	COQ5;COQ6	192	KEGG_2021_Human
Cytosolic DNA-sensing pathway	9/63	0.436599658390624	0.690907706834647	1.11479624630415	0.923874699730662	ZBP1;RIPK3;POLR3K;ADAR;MAVS;CCL5;POLR2F;POLR2H;POLR2L	193	KEGG_2021_Human
Lysine degradation	9/63	0.436599658390624	0.690907706834647	1.11479624630415	0.923874699730662	SETDB2;SETDB1;PHYKPL;ACAT1;ECHS1;SMYD2;DLD;KMT2E;EHMT2	193	KEGG_2021_Human
Glycosylphosphatidylinositol (GPI)-anchor biosynthesis	4/26	0.443593543146742	0.695673261967446	1.21604031072853	0.988454206729528	DPM2;PIGF;PIGT;PIGV	195	KEGG_2021_Human
Bladder cancer	6/41	0.446409226734811	0.695673261967446	1.1465771516619	0.92473648585814	MAP2K2;CDKN2A;DAPK2;MAP2K1;KRAS;RAF1	196	KEGG_2021_Human
Ferroptosis	6/41	0.446409226734811	0.695673261967446	1.1465771516619	0.92473648585814	ACSL3;PRNP;GSS;ACSL4;PCBP2;SLC39A8	196	KEGG_2021_Human
IL-17 signaling pathway	13/94	0.451987952344638	0.695748599356826	1.07349231554201	0.85245998327405	JUN;CCL20;MAPK11;IFNG;TRADD;TNF;MAP3K7;IL17RA;JUND;TRAF2;TRAF5;HSP90AB1;MAPK7	198	KEGG_2021_Human
Dopaminergic synapse	18/132	0.453711416147808	0.695748599356826	1.0561349193417	0.834657016335396	PPP1CA;MAPK11;CALM2;CALM3;CALM1;GNG2;PPP1CC;CREB3L2;KIF5C;AKT1;CREB3;GNB5;PPP2R5A;GSK3A;ITPR3;PPP2R3C;CLOCK;PPP2R2B	199	KEGG_2021_Human
GnRH secretion	9/64	0.456010518802832	0.695748599356826	1.09446411667777	0.859416348691598	PIK3CB;RAF1;ITPR3;AKT1;MAP2K2;MAP2K1;KRAS;PIK3CD;KCNN4	200	KEGG_2021_Human
Glycosaminoglycan degradation	3/19	0.45740760225484	0.695748599356826	1.25399191996922	0.98084787265151	IDUA;IDS;HPSE	201	KEGG_2021_Human
Sphingolipid metabolism	7/49	0.457788980684296	0.695748599356826	1.11470777135517	0.870973508266792	CERK;SGMS1;UGCG;SGPL1;KDSR;CERS4;SPTLC1	202	KEGG_2021_Human
Fatty acid degradation	6/43	0.494276968916715	0.747502608164687	1.0844750760005	0.764185397044098	ACSL3;ACSL4;ECI2;ACAT1;ECHS1;ACADS	203	KEGG_2021_Human
Neomycin, kanamycin and gentamicin biosynthesis	1/5	0.501902716733723	0.753832294250589	1.67185697808535	1.15249288488997	HK1	204	KEGG_2021_Human
Phototransduction	4/28	0.50337335609567	0.753832294250589	1.11457531434437	0.76507027096724	CALM2;CALM3;CALM1;RGS9	205	KEGG_2021_Human
Non-homologous end-joining	2/13	0.519138578050216	0.770254505230844	1.21587412587413	0.797108135703203	PRKDC;RAD50	206	KEGG_2021_Human
Parathyroid hormone synthesis, secretion and action	14/106	0.519357272256628	0.770254505230844	1.01758954371346	0.666687269363127	RUNX2;RAF1;CREB3L2;JUND;MAP2K1;SLC9A3R1;CREB3;GATA3;RHOA;BCL2;ARHGEF1;ITPR3;PDE4B;PDE4D	207	KEGG_2021_Human
Pantothenate and CoA biosynthesis	3/21	0.526709964363727	0.777403649325308	1.11453122996024	0.714531805197017	PANK3;PPCS;COASY	208	KEGG_2021_Human
Transcriptional misregulation in cancer	25/192	0.530787397719906	0.779673354545507	1.00096663483278	0.634005979287355	IL1R2;RUNX1;RUNX2;BAX;CCND2;BCL11B;GADD45G;TRAF1;ASPSCR1;BCL2L1;BIRC3;JMJD1C;PDGFA;ETV7;ZEB1;CDK9;NCOR1;ID2;FUT8;TFE3;PER2;IL2RB;HDAC1;HDAC2;ITGB7	209	KEGG_2021_Human
Gastric acid secretion	10/76	0.536010588324597	0.780894304488072	1.01314066591844	0.631795900957096	ATP1B3;ATP1B1;CALM2;CALM3;CALM1;ITPR3;ATP1A3;ACTB;EZR;ACTG1	210	KEGG_2021_Human
African trypanosomiasis	5/37	0.53670585748203	0.780894304488072	1.04483538698498	0.65020637532637	FAS;IFNG;THOP1;TNF;FASLG	211	KEGG_2021_Human
Coronavirus disease	30/232	0.544058869782343	0.787056852717916	0.992947661795729	0.604405078568312	MAPK11;RPL26;RPL28;RPS4Y1;RPL36AL;RPL41;RPS27;RPS26;RPS29;RPS21;RPS24;RPL35;RPS19;PLCG1;JUN;TYK2;RPLP0;RPLP1;JAK1;RPS7;FAU;TNF;MAP3K7;MAVS;EIF2AK2;PIK3CB;OAS3;ADAR;RPL35A;PIK3CD	212	KEGG_2021_Human
Progesterone-mediated oocyte maturation	13/100	0.546068761006242	0.787056852717916	0.99911207007543	0.604473168440759	MAPK11;RAF1;AKT1;MAP2K1;ANAPC13;ANAPC10;STK10;PIK3CB;KRAS;HSP90AB1;PIK3CD;RPS6KA1;RPS6KA3	213	KEGG_2021_Human
Leishmaniasis	10/77	0.553459474426691	0.793981582471935	0.997961580983969	0.590360885543339	JUN;ITGA4;MAPK11;IFNG;TNF;MAP3K7;ITGB2;ITGB1;NCF4;JAK1	214	KEGG_2021_Human
Fanconi anemia pathway	7/54	0.564964757326059	0.803660331829494	0.995834870659616	0.568613670970322	REV1;RAD51C;CENPS;FANCL;FANCA;RPA3;ERCC4	215	KEGG_2021_Human
Vitamin B6 metabolism	1/6	0.566721377951971	0.803660331829494	1.33740868896578	0.759497667412307	PSAT1	216	KEGG_2021_Human
Epithelial cell signaling in Helicobacter pylori infection	9/70	0.568745482025542	0.803660331829494	0.986470510137634	0.556687260246389	JUN;PTPN11;MAPK11;CDC42;ATP6V1D;CCL5;PLCG1;RAC1;CSK	217	KEGG_2021_Human
Tuberculosis	23/180	0.570677369181855	0.803660331829494	0.979353079626478	0.54934975372451	MAPK11;RFX5;BAX;CALM2;CALM3;CALM1;RAF1;TNF;AKT1;PLK3;RFXANK;CORO1A;HSPA9;RHOA;IL10RB;IFNG;BCL2;RAB5C;TRADD;ITGB2;LSP1;EP300;JAK1	218	KEGG_2021_Human
Neutrophil extracellular trap formation	24/189	0.583694995366816	0.818239103094122	0.972311164398053	0.523469676830841	MAPK11;HAT1;PPIF;RAF1;ACTB;AKT1;MAP3K7;MAP2K2;MAP2K1;NCF4;ACTG1;PLCG1;GSDMD;PIK3CB;HMGB1;CASP4;ITGB2;HDAC6;SELPLG;HDAC1;HDAC2;PIK3CD;RAC1;RAC2	219	KEGG_2021_Human
Gap junction	11/88	0.604453016123376	0.841215492121991	0.955009097425153	0.480781505314636	TUBB;TUBA4A;RAF1;ITPR3;CSNK1D;MAP2K2;MAP2K1;KRAS;PDGFA;TUBA1C;MAPK7	220	KEGG_2021_Human
Toll-like receptor signaling pathway	13/104	0.605565549703453	0.841215492121991	0.954974341996358	0.479007933927035	MAPK11;TOLLIP;TNF;AKT1;MAP3K7;MAP2K2;MAP2K3;MAP2K1;JUN;PIK3CB;PIK3CD;CCL5;RAC1	221	KEGG_2021_Human
Glycine, serine and threonine metabolism	5/40	0.608935904986423	0.842087039778521	0.955113042521591	0.473776435165734	PGAM1;PSAT1;SARDH;DLD;PSPH	222	KEGG_2021_Human
Glutathione metabolism	7/57	0.624346991788707	0.859527024570104	0.935922928709056	0.440865548958668	GSS;CHAC1;GSTK1;IDH2;GGCT;TXNDC12;SRM	223	KEGG_2021_Human
PPAR signaling pathway	9/74	0.637901141454742	0.874266296547348	0.925551039781661	0.416101793499507	ACSL3;HMGCS1;ACSL4;SLC27A2;PCK2;PDPK1;SLC27A5;UBC;FADS2	224	KEGG_2021_Human
Hippo signaling pathway	20/163	0.645976236764001	0.88139868749577	0.934657905997953	0.408438552067464	FBXW11;PPP1CA;PPP1CC;ACTB;CCND2;CSNK1D;MOB1A;MOB1B;PRKCZ;DLG3;BIRC3;ACTG1;RASSF2;ID2;YWHAG;YWHAB;YWHAQ;YWHAZ;ITGB2;PPP2R2B	225	KEGG_2021_Human
Retrograde endocannabinoid signaling	18/148	0.657422076157619	0.893046802568094	0.925291736127649	0.38809422210876	MAPK11;GNG2;NDUFV1;GNB5;NDUFS5;NDUFS2;NDUFS1;NDUFB6;NDUFB3;ITPR3;NDUFB2;NDUFB1;NDUFA9;NDUFA8;NDUFA6;NDUFA13;NDUFA10;NDUFA11	226	KEGG_2021_Human
Riboflavin metabolism	1/8	0.672158680088095	0.909042796418701	0.955182072829132	0.379456428067994	RFK	227	KEGG_2021_Human
Insulin secretion	10/86	0.696206475902697	0.937435912728632	0.879325048732943	0.318411515709897	ATP1B3;ATP1B1;STX1A;ITPR3;ATP1A3;CREB3L2;CREB3;VAMP2;SLC2A1;KCNN4	228	KEGG_2021_Human
Relaxin signaling pathway	15/129	0.718472570096669	0.963192484802084	0.879091815352064	0.290652149669195	MAPK11;RAF1;GNG2;CREB3L2;AKT1;MAP2K2;MAP2K1;CREB3;PRKCZ;GNB5;JUN;PIK3CB;KRAS;PIK3CD;GNA15	229	KEGG_2021_Human
Cholinergic synapse	13/113	0.724225432451508	0.966683512011361	0.868574739281576	0.280247866891839	GNG2;CREB3L2;AKT1;MAP2K1;CREB3;GNB5;PIK3CB;BCL2;CAMK4;PIK3R5;ITPR3;KRAS;PIK3CD	230	KEGG_2021_Human
Sulfur metabolism	1/10	0.75194549616961	0.996806317418251	0.742833952753215	0.211775598416483	MPST	231	KEGG_2021_Human
Pyrimidine metabolism	6/56	0.753286858765583	0.996806317418251	0.80191063174114	0.227188634844038	ENTPD5;NME1;DCTPP1;DTYMK;DCTD;NUDT2	232	KEGG_2021_Human
Vascular smooth muscle contraction	15/133	0.761078365918509	1	0.849095542903566	0.231819172612365	PPP1CA;CALM2;CALM3;CALM1;RAF1;PPP1CC;MAP2K2;MAP2K1;PRKCQ;RHOA;PPP1R12A;ADORA2A;MYH9;ARHGEF1;ITPR3	233	KEGG_2021_Human
Taurine and hypotaurine metabolism	1/11	0.784233531135427	1	0.668512110726644	0.162480820044713	ADO	234	KEGG_2021_Human
Salivary secretion	10/93	0.785141966724479	1	0.80483972928752	0.194683268218109	ATP1B3;ATP1B1;CALM2;CALM3;CALM1;ITPR3;ATP1A3;ATP2B4;VAMP2;KCNN4	235	KEGG_2021_Human
TGF-beta signaling pathway	10/94	0.796149317504605	1	0.795212375073486	0.181283392942665	RHOA;ID3;ID2;IFNG;NBL1;TNF;TGIF1;RPS6KB2;EP300;SKP1	236	KEGG_2021_Human
Malaria	5/50	0.796517992496534	1	0.742437855645403	0.168908740438744	IFNG;TNF;KLRB1;CD40LG;ITGB2	237	KEGG_2021_Human
Long-term depression	6/60	0.809771354071625	1	0.742338640643725	0.156635940075424	RAF1;ITPR3;MAP2K2;MAP2K1;KRAS;RYR1	238	KEGG_2021_Human
Mineral absorption	6/60	0.809771354071625	1	0.742338640643725	0.156635940075424	ATP1B3;ATP1B1;ATP1A3;SLC39A4;ATP2B4;HMOX2	238	KEGG_2021_Human
Breast cancer	16/147	0.81229219451824	1	0.815524580388823	0.169543611560913	BAX;RAF1;AKT1;MAP2K2;JAG2;MAP2K1;GADD45G;NFKB2;JUN;NCOA1;CDK6;PIK3CB;RPS6KB2;KRAS;PTEN;PIK3CD	240	KEGG_2021_Human
Renin-angiotensin system	2/23	0.820210824145597	1	0.636520146520147	0.126154390632325	PRCP;THOP1	241	KEGG_2021_Human
Glycerolipid metabolism	6/61	0.822186583277221	1	0.728799551757949	0.142690150324036	LPIN2;DGKE;AGPAT1;MBOAT2;DGKZ;GPAT4	242	KEGG_2021_Human
Glycosaminoglycan biosynthesis	5/53	0.836487787785955	1	0.695915158516237	0.124251029174495	CSGALNACT1;HS3ST3B1;CHPF;FUT8;ST3GAL1	243	KEGG_2021_Human
Nicotinate and nicotinamide metabolism	3/35	0.851495373795471	1	0.626418814928819	0.100703847844956	SIRT6;NADSYN1;NNT	244	KEGG_2021_Human
Melanogenesis	10/101	0.861772112754504	1	0.733745421245421	0.109155207341494	CALM2;CALM3;CALM1;RAF1;CREB3L2;MAP2K2;MAP2K1;CREB3;KRAS;EP300	245	KEGG_2021_Human
Starch and sucrose metabolism	3/36	0.864672962421469	1	0.607401448109413	0.0883185525802796	HK1;GYG1;PGM1	246	KEGG_2021_Human
Amoebiasis	10/102	0.869599100787517	1	0.725727992485239	0.10140087576822	ACTN4;IL1R1;IL1R2;TNF;PIK3CB;IFNG;RAB5C;ITGB2;PIK3CD;GNA15	247	KEGG_2021_Human
Pancreatic secretion	10/102	0.869599100787517	1	0.725727992485239	0.10140087576822	ATP1B3;ATP1B1;ATP1A3;RHOA;ITPR3;RAP1A;RAP1B;ATP2B4;ATP2A3;RAC1	247	KEGG_2021_Human
Rheumatoid arthritis	9/93	0.869647686732181	1	0.71541512864305	0.0999199614147222	JUN;CCL20;IFNG;TNF;CTLA4;LTB;ITGB2;ATP6V1D;CCL5	249	KEGG_2021_Human
Folate biosynthesis	2/26	0.869737926106835	1	0.556858974358974	0.0777171023095387	FPGS;PCBD2	250	KEGG_2021_Human
Thyroid hormone synthesis	7/75	0.871983702275707	1	0.687464581208206	0.0941720230657074	ATP1B3;ATP1B1;ITPR3;ATP1A3;CREB3L2;PDIA4;CREB3	251	KEGG_2021_Human
Alanine, aspartate and glutamate metabolism	3/37	0.876809275069023	1	0.589502749926442	0.0774994414996462	ASNS;NIT2;ASL	252	KEGG_2021_Human
Wnt signaling pathway	17/166	0.883879183199172	1	0.761317876754118	0.0939731931486422	FBXW11;CCND2;TBL1X;MAP3K7;CTBP1;SKP1;RHOA;JUN;NFATC2;CHD8;CBY1;CSNK2A2;CSNK2A1;EP300;RAC3;RAC1;RAC2	253	KEGG_2021_Human
Intestinal immune network for IgA production	4/48	0.886828914934996	1	0.607250332423543	0.0729327056024591	ITGA4;CD40LG;ITGB7;ICOS	254	KEGG_2021_Human
Synaptic vesicle cycle	7/78	0.895953902867992	1	0.658302803332519	0.072325303171229	DNM2;STX1A;AP2B1;VAMP2;ATP6V1D;AP2A2;AP2A1	255	KEGG_2021_Human
Cocaine addiction	4/49	0.896182890706715	1	0.593721666238987	0.0650782876629149	JUN;CREB3L2;CREB3;RGS9	256	KEGG_2021_Human
Alcoholism	19/186	0.897202942154706	1	0.758967546903869	0.0823276362915083	PPP1CA;HAT1;CALM2;CALM3;CALM1;RAF1;GNG2;PPP1CC;CREB3L2;MAP2K1;CREB3;GNB5;ADORA2A;CAMK4;NTRK2;KRAS;HDAC6;HDAC1;HDAC2	257	KEGG_2021_Human
Renin secretion	6/69	0.899686128835521	1	0.635960085112627	0.067226909557548	ORAI1;CALM2;CALM3;CALM1;ITPR3;PTGER4	258	KEGG_2021_Human
Signaling pathways regulating pluripotency of stem cells	14/143	0.902644521638338	1	0.724171189628937	0.0741742963236202	MAPK11;RAF1;AKT1;MAP2K2;MAP2K1;SETDB1;PIK3CB;ID3;ID2;KRAS;PIK3CD;PCGF1;JAK3;JAK1	259	KEGG_2021_Human
Phenylalanine metabolism	1/17	0.906559169510518	1	0.417675893886967	0.0409735785048256	MIF	260	KEGG_2021_Human
Selenocompound metabolism	1/17	0.906559169510518	1	0.417675893886967	0.0409735785048256	SEPHS2	260	KEGG_2021_Human
beta-Alanine metabolism	2/30	0.916329708309969	1	0.477197802197802	0.0416970836998697	ECHS1;ACADS	262	KEGG_2021_Human
Tryptophan metabolism	3/42	0.924072495336737	1	0.513777488383106	0.0405703120877031	DLD;ACAT1;ECHS1	263	KEGG_2021_Human
Asthma	2/31	0.925243895392504	1	0.460716180371353	0.0357966822586917	CD40LG;TNF	264	KEGG_2021_Human
Cortisol synthesis and secretion	5/65	0.937264510737379	1	0.556347067128738	0.0360455825175094	ORAI1;ITPR3;CREB3L2;LDLR;CREB3	265	KEGG_2021_Human
Regulation of lipolysis in adipocytes	4/55	0.939232783865516	1	0.523690923636583	0.0328311917713151	PIK3CB;AKT1;PIK3CD;LIPE	266	KEGG_2021_Human
Aminoacyl-tRNA biosynthesis	5/66	0.94237961948729	1	0.547195061136115	0.0324744359084507	YARS2;IARS2;GATC;FARSB;FARSA	267	KEGG_2021_Human
Glycosphingolipid biosynthesis	3/45	0.943775365384756	1	0.476996647062057	0.0276024134151257	ST8SIA1;B3GALT4;ST3GAL1	268	KEGG_2021_Human
Circadian entrainment	8/97	0.947002949199149	1	0.599793819791567	0.0326606157821163	CALM2;CALM3;CALM1;GNG2;GNB5;ITPR3;PER2;RYR1	269	KEGG_2021_Human
ECM-receptor interaction	7/88	0.950262109306325	1	0.576697828207141	0.0294216398759693	ITGA1;ITGA4;ITGA2;CD47;CD44;ITGB1;ITGB7	270	KEGG_2021_Human
Cushing syndrome	14/155	0.950865285549421	1	0.662079209006106	0.0333574586914936	USP8;ORAI1;AHR;CREB3L2;LDLR;MAP2K2;MAP2K1;AIP;CREB3;CDK6;ITPR3;RAP1A;RAP1B;CDKN2A	271	KEGG_2021_Human
Arginine biosynthesis	1/22	0.95348698356402	1	0.31813771260138	0.0151527418533469	ASL	272	KEGG_2021_Human
Chemical carcinogenesis	23/239	0.95645217568959	1	0.709408613731995	0.0315860571755785	CREB3L2;AKT1;GSTK1;STAT5A;JUN;PTGES3;XIAP;RAF1;AHR;KPNA6;KPNA4;MAP2K2;MAP2K1;AIP;CREB3;PIK3CB;BCL2;RPS6KB2;KRAS;HSP90AB1;PIK3CD;RPS6KA1;RPS6KA3	273	KEGG_2021_Human
Mucin type O-glycan biosynthesis	2/36	0.957861172304459	1	0.392850678733032	0.016913174617883	GALNT11;ST3GAL1	274	KEGG_2021_Human
Tyrosine metabolism	2/36	0.957861172304459	1	0.392850678733032	0.016913174617883	MIF;FAH	274	KEGG_2021_Human
Arginine and proline metabolism	3/50	0.966403901490569	1	0.426129526086138	0.0145623009986329	PYCR2;AZIN2;SRM	276	KEGG_2021_Human
alpha-Linolenic acid metabolism	1/25	0.969397413395872	1	0.278322440087146	0.00865043506298369	FADS2	277	KEGG_2021_Human
MicroRNAs in cancer	30/310	0.971269776913248	1	0.713091535214397	0.0207873421658726	HNRNPK;VIM;EZR;PDGFA;PLCG1;RHOA;ZEB1;CCNG1;SOCS1;CDKN2A;CD44;EP300;UBE2I;RAF1;CCND2;TPM1;MAP2K2;MAP2K1;PIM1;CDK6;PIK3CB;BCL2;DDIT4;KRAS;RECK;HDAC1;HDAC2;PTEN;PIK3CD;MAPK7	278	KEGG_2021_Human
Collecting duct acid secretion	1/27	0.976851068891584	1	0.256883447194866	0.00601648666854318	ATP6V1D	279	KEGG_2021_Human
Fat digestion and absorption	2/43	0.981541423706999	1	0.325647279549719	0.00606715454670166	ACAT1;AGPAT1	280	KEGG_2021_Human
Porphyrin and chlorophyll metabolism	2/43	0.981541423706999	1	0.325647279549719	0.00606715454670166	HCCS;HMOX2	280	KEGG_2021_Human
Bile secretion	6/90	0.982128037692573	1	0.476392251815981	0.0085910646975989	ATP1B3;ATP1B1;ATP1A3;LDLR;SLC27A5;SLC2A1	282	KEGG_2021_Human
Morphine addiction	6/91	0.983644387041314	1	0.470760445934923	0.00776323638426072	PDE7A;GNG2;GRK2;PDE4B;PDE4D;GNB5	283	KEGG_2021_Human
Protein digestion and absorption	7/103	0.985340064915012	1	0.486167308927425	0.0071799394528058	ATP1B3;ATP1B1;ATP1A3;SLC1A5;PRCP;KCNN4;DPP4	284	KEGG_2021_Human
ABC transporters	2/45	0.985477497398526	1	0.31046511627907	0.00454178994510347	TAP1;ABCB8	285	KEGG_2021_Human
Other types of O-glycan biosynthesis	2/47	0.988591698296448	1	0.296632478632479	0.00340352415247203	ST6GAL1;GALNT11	286	KEGG_2021_Human
Lysosome	9/128	0.989408862403531	1	0.503978066351878	0.00536616838889003	AP1S1;IDUA;LAPTM4B;AP3B1;IDS;LAPTM5;CLN5;AP3S1;AP3S2	287	KEGG_2021_Human
Gastric cancer	11/149	0.989732465136053	1	0.530990776321604	0.00548014850917759	BAX;RAF1;AKT1;MAP2K2;MAP2K1;GADD45G;PIK3CB;BCL2;RPS6KB2;KRAS;PIK3CD	288	KEGG_2021_Human
Ether lipid metabolism	2/49	0.99105079594427	1	0.283977086743044	0.00255280881408226	LPCAT4;CEPT1	289	KEGG_2021_Human
Pentose and glucuronate interconversions	1/34	0.991287693278672	1	0.202311465287244	0.00177032258246456	SORD	290	KEGG_2021_Human
Calcium signaling pathway	20/240	0.991380368538712	1	0.604816562213929	0.00523589416554812	ORAI1;CALM2;CALM3;CALM1;PDGFA;PLCG1;CAMK4;RYR1;STIM1;PPIF;F2R;ADORA2A;ITPR3;NTRK2;ATP2B4;P2RX5;ATP2A3;GNA15;PHKG2;PTK2B	291	KEGG_2021_Human
Cholesterol metabolism	2/50	0.992077749879841	1	0.278044871794872	0.00221151271003955	STARD3;LDLR	292	KEGG_2021_Human
Herpes simplex virus 1 infection	48/498	0.992094703442092	1	0.707825632993996	0.0056178061245026	BAX;AKT1;ZNF268;DAXX;ZNF480;ZNF226;JAK1;TAP1;PPP1CA;ZNF317;SRSF7;SRSF9;TNF;PPP1CC;MAP3K7;ZNF302;EIF2B4;TRAF2;TRAF5;BCL2L1;BIRC3;FASLG;ZNF764;EIF2AK2;EIF2AK1;PTPN11;PIK3CB;BCL2;TRADD;PIK3CD;CCL5;ZNF721;SP100;B2M;TNFSF14;HLA-C;HLA-A;HLA-B;HLA-E;TYK2;ZNF585A;TSC2;FAS;ZNF91;MAVS;OAS3;IFNG;LTA	293	KEGG_2021_Human
GABAergic synapse	5/89	0.993107346383547	1	0.396840676971597	0.00274475555619498	GNG2;GABARAPL2;SLC38A1;GNB5;SLC38A5	294	KEGG_2021_Human
Serotonergic synapse	6/113	0.997924686628774	1	0.373493368662068	0.000775921200645715	RAF1;GNG2;MAP2K1;GNB5;ITPR3;KRAS	295	KEGG_2021_Human
Arachidonic acid metabolism	2/61	0.99796607533592	1	0.22606258148631	0.000460262488555688	PTGES3;LTC4S	296	KEGG_2021_Human
Basal cell carcinoma	2/63	0.998416679205532	1	0.218625472887768	0.000346428583643072	BAX;GADD45G	297	KEGG_2021_Human
Ovarian steroidogenesis	1/51	0.999189435314197	1	0.133394848135333	0.000108168998076313	LDLR	298	KEGG_2021_Human
Complement and coagulation cascades	3/85	0.99934221614116	1	0.24375228746516	0.000160389076707899	CLU;F2R;ITGB2	299	KEGG_2021_Human
Glutamatergic synapse	5/114	0.999472733770733	1	0.305380590872319	0.000161059336947477	GNG2;SLC38A1;GNB5;ITPR3;GRK2	300	KEGG_2021_Human
Staphylococcus aureus infection	3/95	0.999800363863357	1	0.217132007293775	4.33517225069303e-05	KRT10;ITGB2;SELPLG	301	KEGG_2021_Human
Systemic lupus erythematosus	5/135	0.999947089947858	1	0.255738870294126	1.35315149416867e-05	ACTN4;SNRPB;TNF;IFNG;CD40LG	302	KEGG_2021_Human
Drug metabolism	3/108	0.999958863916633	1	0.190106084757874	7.82038060210212e-06	GSTK1;ITPA;NME1	303	KEGG_2021_Human
Metabolism of xenobiotics by cytochrome P450	1/76	0.999975430949235	1	0.08880174291939	2.1818013323283e-06	GSTK1	304	KEGG_2021_Human
Taste transduction	1/86	0.999993940232015	1	0.0783092475744623	4.74537309172178e-07	ITPR3	305	KEGG_2021_Human
Neuroactive ligand-receptor interaction	11/341	0.999999999937353	1	0.219580599511128	1.37560167758038e-11	LPAR2;GPR35;P2RY10;PTGER4;CHRNB1;F2R;ADORA2A;LTB4R;GZMA;P2RX5;NR3C1	306	KEGG_2021_Human
Olfactory transduction	4/440	1	1	0.0598978748649279	0	CALM2;CALM3;CALM1;GRK2	307	KEGG_2021_Human
Oxidative Phosphorylation	78/200	1.69871689060494e-20	8.49358445302468e-19	4.37611389675509	199.208707022381	AFG3L2;UQCRC2;BAX;UQCRC1;SUCLG1;UQCR11;COX8A;TOMM70;ISCA1;MRPL15;CYB5R3;PRDX3;GRPEL1;TIMM17A;PDHA1;ATP5F1D;ATP5F1E;CS;LRPPRC;COX7C;ACAT1;MRPS11;ECHS1;MRPL35;TIMM10;MRPL34;NNT;LDHA;ATP5MG;MTX2;ATP5PB;MRPS22;COX6B1;DLD;COX5A;MRPS30;HCCS;ATP5F1B;AIFM1;SDHD;SDHB;ATP1B1;SDHC;TOMM22;COX6A1;TIMM50;MFN2;NDUFV1;IDH2;OXA1L;ATP6V1D;COX7A2;ATP5MC1;ATP5MC2;MPC1;CYC1;BCKDHA;HSPA9;ACO2;NDUFS2;NDUFS1;SLC25A3;NDUFB6;NDUFB3;NDUFB2;NDUFB1;CASP7;NDUFA9;TIMM8B;NDUFA8;IDH3G;NDUFA6;SLC25A11;ETFA;ETFB;HSD17B10;POLR2F;IDH3B	1	MSigDB_Hallmark_2020
Myc Targets V1	71/200	3.2751575847468e-16	8.18789396186699e-15	3.75529174668223	133.894910338512	DEK;MRPS18B;CLNS1A;SERBP1;HNRNPC;RAN;EXOSC7;PSMD8;SNRPD2;PSMD3;PSMD1;TOMM70;AIMP2;RRP9;GSPT1;PRDX3;PTGES3;GNL3;NME1;MRPL23;LDHA;NPM1;UBE2E1;RSL1D1;PSMA7;HNRNPA2B1;APEX1;HDGF;COX5A;RPLP0;XPO1;AP3S1;RACK1;EIF1AX;COPS5;SNRPA;POLE3;SNRPG;SRSF7;NHP2;PCNA;RUVBL2;TXNL4A;NOP16;EIF2S2;UBA2;EIF4G2;CYC1;NCBP2;CBX3;PA2G4;RAD23B;ETF1;MCM5;SLC25A3;PSMD14;YWHAQ;PGK1;DDX18;SMARCC1;NOP56;PRPS2;HSP90AB1;HDAC2;DDX21;SRM;POLD2;TRA2B;BUB3;HNRNPA3;HNRNPA1	2	MSigDB_Hallmark_2020
mTORC1 Signaling	69/200	4.51554120053076e-15	7.5259020008846e-14	3.59053772643849	118.599954116459	ACSL3;SYTL2;PSMC2;TES;ARPC5L;XBP1;EDEM1;TUBG1;UCHL5;SQLE;PSME3;ENO1;RRP9;PNO1;SDF2L1;TPI1;SLC7A5;BHLHE40;CCNG1;LDHA;ELOVL5;ELOVL6;GTF2H1;PSMA3;RIT1;USO1;TCEA1;ERO1A;FADS2;TUBA4A;COPS5;PSAT1;DHCR7;UBE2D3;SLC1A5;YKT6;LDLR;NIBAN1;MAP2K3;EIF2S2;SLC9A3R1;ACLY;ATP6V1D;INSIG1;SLC2A1;SLC2A3;CORO1A;ATP5MC1;DAPP1;PSPH;ACTR3;HSPA9;HMGCS1;ASNS;HSPA4;DHCR24;SORD;ETF1;IDI1;PSMD14;PGK1;SLC37A4;CYP51A1;PFKL;UFM1;DDIT4;GAPDH;ITGB2;PGM1	3	MSigDB_Hallmark_2020
Allograft Rejection	68/200	1.62199566337776e-14	2.0274945792222e-13	3.51010499629284	111.454728308046	CD2;IL2RG;IL27RA;AKT1;APBB1;B2M;FYB1;ST8SIA4;HLA-A;HLA-E;HIF1A;MRPL3;RPS19;CCR2;IL16;NME1;PTPRC;ITK;CD3G;CD3E;CD3D;SOCS1;CCR5;NPM1;MAP4K1;CDKN2A;STAT4;HCLS1;CD40LG;CD47;WAS;CXCR3;TAP1;CXCL13;FAS;UBE2N;GPR65;TNF;CCND2;MAP3K7;CD96;F2R;GLMN;TRAF2;EIF4G3;NCF4;FASLG;ETS1;IL18RAP;SIT1;SRGN;ELF4;IRF4;IFNG;BCL3;LCP2;CD247;GZMA;LCK;ZAP70;IL2RA;IL2RB;LTB;ITGB2;CCL5;TRAT1;CSK;NCK1	4	MSigDB_Hallmark_2020
IL-2/STAT5 Signaling	60/199	1.59266362550106e-10	1.59266362550106e-09	2.93073487708653	66.1186773746989	IL1R2;AHNAK;FLT3LG;RABGAP1L;XBP1;CDC42SE2;IKZF4;CD79B;TNFSF10;RHOH;BHLHE40;IL18R1;SOCS1;SOCS2;CTLA4;SNX9;CCR4;ICOS;ADAM19;PTRH2;CD48;CD44;PDCD2L;PHLDA1;HUWE1;FAH;BATF;MAPKAPK2;RGS16;GPR65;AHR;SLC1A5;CCND2;SLC39A8;CISH;PRNP;TRAF1;HOPX;AMACR;BCL2L1;SLC2A3;RORA;PIM1;TNFRSF9;TNFRSF4;TNFRSF1B;IRF4;ITGAE;BCL2;PHTF2;TNFRSF18;TWSG1;MYO1C;KLF6;IL2RA;IL2RB;SYT11;LTB;GALM;FURIN	5	MSigDB_Hallmark_2020
DNA Repair	46/150	1.1740178209086e-08	9.78348184090497e-08	2.99267184302396	54.6469325590931	UPF3B;TARBP2;POLE4;VPS28;PCNA;MPG;RALA;SUPT5H;ITPA;AK3;AAAS;DGUOK;MPC2;NELFE;NELFB;SAC3D1;NCBP2;EDF1;NME1;ADA;GTF3C5;ELL;ZNRD1;PDE4B;TMED2;TAF13;TAF12;GTF2H1;RPA3;TAF10;GTF2H5;APRT;ERCC4;DAD1;HCLS1;TAF9;GMPR2;DCTN4;POLB;GUK1;POLR2A;SEC61A1;ELOA;POLR2F;POLR2H;POLR2I	6	MSigDB_Hallmark_2020
Myc Targets V2	24/58	7.32499828882499e-08	5.23214163487499e-07	4.75443800483731	78.1125058602507	IMP4;CBX3;PA2G4;SORD;GNL3;MRTO4;MCM5;DCTPP1;NOC4L;TBRG4;PES1;DDX18;NPM1;NOP16;AIMP2;NDUFAF4;FARSA;NOP56;MPHOSPH10;IPO4;WDR43;RABEPK;SRM;RRP9	7	MSigDB_Hallmark_2020
Unfolded Protein Response	36/113	1.53108236618946e-07	9.56926478868411e-07	3.15593525726028	49.5233170943949	IMP3;PSAT1;CNOT4;NHP2;CHAC1;BANF1;EXOSC4;EXOSC1;TTC37;XBP1;EDEM1;SLC30A5;LSM1;EEF2;PDIA6;EIF4G1;HYOU1;POP4;RRP9;BAG3;HSPA9;ASNS;SLC7A5;NPM1;DDX10;YWHAZ;SPCS1;DDIT4;DCP2;NOP56;ERO1A;GOSR2;CXXC1;DCTN1;MTREX;PAIP1	8	MSigDB_Hallmark_2020
PI3K/AKT/mTOR  Signaling	34/105	2.17112540382556e-07	1.09269571234151e-06	3.23108902637006	49.5741142636149	TSC2;PPP1CA;PFN1;RAF1;UBE2N;RALB;UBE2D3;IL2RG;AKT1;CFL1;MAP3K7;MAP2K3;TRAF2;SLC2A1;FASLG;DAPP1;PRKAR2A;PLCG1;ACTR3;PTPN11;CAMK4;YWHAB;ARF1;GRK2;MKNK1;MKNK2;LCK;RIT1;PTEN;ARHGDIA;RPS6KA1;RPS6KA3;RAC1;NCK1	9	MSigDB_Hallmark_2020
Interferon Gamma Response	53/200	2.18539142468303e-07	1.09269571234151e-06	2.44007387183983	37.4217066207537	SP110;PSMB9;IFITM2;B2M;ST8SIA4;HLA-A;HLA-B;IFI44;PSME1;IFI35;HIF1A;RNF213;TNFSF10;GPR18;PNPT1;NMI;RAPGEF6;BTG1;SOCS1;STAT4;PSMA3;OGFR;PSMB8;PTPN2;ZBP1;TOR1B;TAP1;ZNFX1;FAS;SAMD9L;ARID5B;ISG20;PIM1;EIF2AK2;XCL1;IRF1;IRF4;OAS3;LCP2;EIF4E3;ADAR;CASP7;CASP4;PDE4B;GZMA;LYSMD2;IL2RB;PFKP;SRI;OASL;CCL5;TRIM26;ITGB7	10	MSigDB_Hallmark_2020
Adipogenesis	51/200	1.29325613625367e-06	5.87843698297122e-06	2.31439440777271	31.3793633624157	UQCRC1;SUCLG1;UQCR11;COX8A;MRPL15;PRDX3;LIPE;GRPEL1;STAT5A;CS;ECHS1;ELOVL6;DHRS7;DLD;SAMM50;AIFM1;GPAT4;RIOK3;ACADS;ATP1B3;SDHB;FAH;SDHC;DHCR7;SLC1A5;TANK;COX6A1;ACLY;REEP5;AK2;UBC;G3BP2;PIM3;CYC1;BCKDHA;JAGN1;COQ9;COQ5;ACO2;YWHAG;ABCB8;DBT;IDH3G;SOD1;PFKL;MTCH2;ETFB;LTC4S;DDT;UBQLN1;PGM1	11	MSigDB_Hallmark_2020
Protein Secretion	27/96	6.43299631879504e-05	0.000268041513283127	2.63336428872942	25.4158760501276	YIPF6;AP3B1;SCAMP1;ANP32E;COPE;ARF1;SGMS1;SNAP23;NAPG;TMED2;YKT6;AP2B1;STAM;ARCN1;SOD1;USO1;VPS45;BET1;COPB2;GOSR2;ICA1;RAB22A;CLN5;LMAN1;RPS6KA3;AP3S1;DNM1L	12	MSigDB_Hallmark_2020
Interferon Alpha Response	26/97	0.000205902518460153	0.000791932763308281	2.46315939112938	20.9075622250434	SP110;TAP1;PSMB9;IFITM2;IFITM1;SAMD9L;MVB12A;B2M;HLA-C;IFI44;ISG20;PSME1;IFI35;PNPT1;NCOA7;EIF2AK2;NMI;IRF1;ADAR;PARP9;PSMA3;CD47;OGFR;OASL;PSMB8;TRIM26	13	MSigDB_Hallmark_2020
IL-6/JAK/STAT3 Signaling	23/87	0.000577390681958374	0.00206210957842277	2.41543476153548	18.0118763135887	PTPN2;JUN;IL1R1;IL1R2;ITGA4;IL10RB;PTPN11;TYK2;TNFRSF1B;IRF1;CXCL13;FAS;IL9R;IL18R1;PIK3R5;TNF;IL2RG;SOCS1;IL17RA;IL2RA;LTB;CD44;PIM1	14	MSigDB_Hallmark_2020
p53 Pathway	42/200	0.00105400872540242	0.00351336241800806	1.7901503164557	12.2717570879783	BAX;CYFIP2;CCNK;EI24;JAG2;PLK3;DNTTIP2;PDGFA;IER5;IER3;BLCAP;JUN;RAD51C;CCNG1;ADA;BTG1;HINT1;SOCS1;CDKN2A;SERTAD3;KIF13B;RACK1;TAP1;DEF6;FAS;S100A4;PCNA;CD82;RGS16;NOL8;ZFP36L1;CCND2;PERP;F2R;TRIAP1;TM7SF3;ZMAT3;MKNK2;RALGDS;DDIT4;SEC61A1;EPS8L2	15	MSigDB_Hallmark_2020
E2F Targets	41/200	0.00193626506619153	0.00605082833184854	1.73575819194055	10.8432716790212	DEK;HUS1;ANP32E;ASF1A;RAN;EXOSC8;TUBG1;JPT1;POP7;PRKDC;SMC6;SMC4;GSPT1;TUBB;NME1;RAD51C;CDKN2A;RPA3;NCAPD2;TACC3;XPO1;POLE4;SNRPB;PCNA;TBRG4;PTTG1;RNASEH2A;AK2;IPO7;PA2G4;MCM5;DCTPP1;LMNB1;PSIP1;RAD21;LBR;EED;RAD50;NOP56;POLD2;TRA2B	16	MSigDB_Hallmark_2020
Apoptosis	34/161	0.00272130913959467	0.00800385041057257	1.80051880197218	10.6350203612829	TAP1;CD2;FAS;BAX;CLU;TNF;CCND2;F2R;ISG20;BCL2L1;BIRC3;ENO2;FASLG;TNFSF10;IER3;DNM1L;ANXA1;JUN;CFLAR;IRF1;CYLD;DAP;ETF1;BTG3;PEA15;NEDD9;CASP7;CASP4;SOD1;XIAP;CD44;SLC20A1;ADD1;GNA15	17	MSigDB_Hallmark_2020
TNF-alpha Signaling via NF-kB	40/200	0.00345748359520551	0.00960412109779308	1.68208430913349	9.53273214814679	EIF1;FOSL2;IER2;IER5;IER3;STAT5A;DUSP4;JUN;CCL20;BHLHE40;ID2;BTG3;BTG1;SERPINB8;SPSB1;CD44;PTGER4;PHLDA1;TAP1;TNF;RELB;TANK;LDLR;TGIF1;MAP2K3;TRAF1;NFKB2;BIRC3;SLC2A3;TNFRSF9;MSC;CFLAR;TNIP1;IRF1;BCL3;NFE2L2;TNFAIP8;PDE4B;KLF6;CCL5	18	MSigDB_Hallmark_2020
Inflammatory Response	39/200	0.00599941596804526	0.0157879367580138	1.62911524005012	8.33470532531421	IL1R1;SLAMF1;IFITM1;PROK2;HIF1A;TNFSF10;CCL20;NMI;EMP3;IL18R1;CD48;KCNA3;PTGER4;CXCR6;GPR132;CD70;SEMA4D;RAF1;CD82;RGS16;AHR;LDLR;IL18RAP;RASGRP1;RGS1;TNFRSF9;EIF2AK2;TNFRSF1B;IRF1;LCP2;PIK3R5;PDE4B;LCK;KLF6;IL2RB;LTA;SRI;GNA15;CCL5	19	MSigDB_Hallmark_2020
TGF-beta Signaling	14/54	0.00782056001392304	0.0195514000348076	2.34748840803709	11.3876641874085	RHOA;PPP1CA;CDK9;SKI;ID3;ID2;UBE2D3;MAP3K7;TGIF1;XIAP;TRIM33;HDAC1;FURIN;SLC20A1	20	MSigDB_Hallmark_2020
Androgen Response	22/100	0.00867192915668574	0.0206474503730613	1.89346054462334	8.98951446979279	UBE2I;ACSL3;AKT1;B2M;TMEM50A;ARID5B;INPP4B;MYL12A;INSIG1;HMGCS1;PA2G4;DHCR24;SORD;CDK6;IDI1;TNFAIP8;IQGAP2;ELOVL5;SRF;LMAN1;RPS6KA3;PTK2B	21	MSigDB_Hallmark_2020
Hypoxia	38/200	0.0101133492612092	0.0229848846845663	1.57683788833035	7.24383402799612	TES;MIF;FOSL2;LXN;ENO1;ENO2;RBPJ;IER3;JUN;TPI1;BHLHE40;BTG1;LDHA;IDS;TPST2;ERO1A;S100A4;GPC1;ISG20;SLC2A1;SLC2A3;ETS1;RORA;PIM1;GALK1;MYH9;BCL2;HK1;PGK1;SLC37A4;NAGK;KLF6;PFKL;DDIT4;GAPDH;PFKP;NR3C1;PGM1	22	MSigDB_Hallmark_2020
Fatty Acid Metabolism	31/158	0.0121010131671064	0.0263065503632748	1.63973391890774	7.23854979322762	ACOT8;SDHD;ACSL4;SDHC;SUCLG2;SUCLG1;MIF;PSME1;ECI2;ENO2;LGALS1;BCKDHB;PDHA1;HMGCS1;DHCR24;ACO2;IDI1;ECHS1;AUH;LDHA;ELOVL5;IDH3G;APEX1;DLD;HCCS;HSD17B10;LTC4S;MCEE;NSDHL;ACADS;IDH3B	23	MSigDB_Hallmark_2020
Cholesterol Homeostasis	17/74	0.012821415372231	0.0267112820254812	2.00072618684041	8.71644059376333	HMGCS1;DHCR7;IDI1;CLU;ANTXR2;ATXN2;FDFT1;LDLR;FDPS;NIBAN1;CYP51A1;SQLE;MVD;ATF5;ACTG1;NSDHL;FADS2	24	MSigDB_Hallmark_2020
Mitotic Spindle	35/199	0.0381257843874661	0.0762515687749321	1.43279618421428	4.68075094720296	ACTN4;KIF20B;STAU1;CSNK1D;ARFIP2;EZR;SMC4;KIFAP3;RHOF;LRPPRC;ARHGEF2;ARHGEF3;RAPGEF6;NEDD9;MAP1S;DYNLL2;CLIP1;TAOK2;RALBP1;TUBA4A;ARL8A;CKAP5;SAC3D1;HOOK3;MYH9;DOCK2;LMNB1;CAPZB;WASF2;MID1IP1;CDC42;HDAC6;ARHGDIA;CYTH2;NCK1	25	MSigDB_Hallmark_2020
Apical Junction	35/200	0.0406291927029384	0.0781330628902662	1.42402993708019	4.56155015315895	ACTN4;MAPK11;PFN1;MYL12B;ACTB;FYB1;TUBG1;DHX16;PLCG1;RHOF;PTPRC;ARHGEF6;RSU1;CAP1;ADAM15;TAOK2;RAC2;ATP1A3;STX4;TRAF1;LAYN;ARPC2;INSIG1;ACTG1;CNN2;CD99;MSN;ITGA2;PIK3CB;MYH9;SYMPK;EVL;MVD;ITGB1;PTEN	26	MSigDB_Hallmark_2020
Reactive Oxygen Species Pathway	11/49	0.0470608176627967	0.0871496623385124	1.93950720104004	5.92774402199435	NDUFS2;EGLN2;NDUFA6;PRNP;SOD1;PFKP;LSP1;TXN;PRDX2;HMOX2;MBP	27	MSigDB_Hallmark_2020
Complement	34/200	0.060869610214352	0.101449350357253	1.37439477536313	3.84696016848599	PSMB9;HSPA1A;CALM3;PFN1;CALM1;PRCP;GNG2;SPOCK2;APOBEC3F;APOBEC3G;GMFB;GATA3;PPP4C;SIRT6;ZEB1;CSRP1;CD40LG;WAS;USP8;RAF1;CLU;STX4;RASGRP1;PIM1;IRF1;LCP2;PIK3R5;DPP4;CASP7;CASP4;ERAP2;GZMA;LCK;CCL5	28	MSigDB_Hallmark_2020
Glycolysis	34/200	0.060869610214352	0.101449350357253	1.37439477536313	3.84696016848599	POLR3K;MIF;ALG1;TXN;ENO1;ENO2;IER3;TPI1;LDHA;PGAM1;DLD;CD44;ERO1A;NSDHL;SDHC;IDUA;CHPF;GPC1;MED24;ISG20;COPB2;AK3;GALK1;GALK2;FUT8;GMPPB;ME2;PGK1;SLC37A4;SOD1;PKM;DDIT4;PFKP;PGLS	28	MSigDB_Hallmark_2020
heme Metabolism	34/200	0.060869610214352	0.101449350357253	1.37439477536313	3.84696016848599	GAPVD1;OPTN;TENT5C;ISCA1;GDE1;PRDX2;TSPAN5;ADIPOR1;NNT;SEC14L1;HTATIP2;TCEA1;HDGF;RIOK3;SLC25A38;RNF19A;CIR1;MAP2K3;SLC2A1;MARK3;EIF2AK1;ASNS;HAGH;LPIN2;TOP1;NFE2L1;GLRX5;KHNYN;MBOAT2;CCDC28A;NR3C1;ADD1;RBM5;PGLS	28	MSigDB_Hallmark_2020
G2-M Checkpoint	32/200	0.124913454391175	0.201473313534154	1.27700574393181	2.65634325303213	HUS1;KIF20B;SQLE;ATF5;JPT1;HIF1A;SMC4;SMC2;GSPT1;SLC7A5;DTYMK;TACC3;XPO1;PTTG1;SLC38A1;ODF2;NCL;MNAT1;CUL5;HSPA8;RAD23B;SFPQ;BCL3;MCM5;TOP1;LMNB1;RAD21;LBR;RBM14;SMARCC1;TRA2B;BUB3	31	MSigDB_Hallmark_2020
Pperoxisome	16/104	0.274485809749754	0.428884077733991	1.21704281797089	1.57346076172431	ACOT8;ACSL4;SLC27A2;FDPS;FIS1;GSTK1;IDH2;CTBP1;ECI2;DHCR24;PEX2;IDI1;ATXN1;SMARCC1;ELOVL5;SOD1	32	MSigDB_Hallmark_2020
Estrogen Response Late	29/200	0.29381696548917	0.432083772778191	1.13545977912783	1.39070917526698	NBL1;FDFT1;XBP1;FAM102A;SLC7A5;ID2;BTG3;ELOVL5;METTL3;CD44;JAK1;BATF;PPIF;DHCR7;SLC27A2;PERP;RBBP8;CISH;IDH2;IGFBP4;SLC9A3R1;ISG20;RNASEH2A;BAG1;SORD;RABEP1;BCL2;ATP2B4;ETFB	33	MSigDB_Hallmark_2020
KRAS Signaling Up	29/200	0.29381696548917	0.432083772778191	1.13545977912783	1.39070917526698	IL2RG;RABGAP1L;ST6GAL1;GADD45G;CCSER2;STRN;KCNN4;CCL20;ID2;CD37;MMD;MAP4K1;LAPTM5;ERO1A;PSMB8;ADAM8;RGS16;CCND2;KIF5C;TRAF1;BIRC3;ETS1;ITGA2;TNFRSF1B;LCP1;DOCK2;TRIB2;ITGB2;FBXO4	33	MSigDB_Hallmark_2020
UV Response Up	23/158	0.314169009795186	0.448812871135979	1.14040469317709	1.32038814028895	STARD3;TAP1;TUBA4A;POLE3;PPIF;YKT6;RAB27A;EIF5;ENO2;RASGRP1;GRPEL1;MARK2;ASNS;MRPL23;IRF1;NUP58;TMBIM6;BTG3;BTG1;TGFBRAP1;FURIN;DDX21;POLR2H	35	MSigDB_Hallmark_2020
Bile Acid Metabolism	16/112	0.384585507576485	0.534146538300674	1.11510698633668	1.06558411308584	PEX16;OPTN;SLC27A2;GSTK1;IDH2;AMACR;SLC27A5;LIPE;DHCR24;IDI1;SLC22A18;ATXN1;PNPLA8;SOD1;LCK;FADS2	36	MSigDB_Hallmark_2020
Apical Surface	6/44	0.517688716082774	0.684131936095686	1.05587543589328	0.695168485386404	IL2RB;CRYBG1;IL2RG;GATA3;SCUBE1;FLOT2	37	MSigDB_Hallmark_2020
Estrogen Response Early	26/200	0.533622910154635	0.684131936095686	0.999107589062612	0.627505357395857	NBL1;FDFT1;XBP1;BCL11B;UNC119;INPP5F;FAM102A;SLC7A5;BHLHE40;UGCG;ELOVL5;CD44;PPIF;DHCR7;SLC27A2;RBBP8;CISH;IGFBP4;SLC9A3R1;MED24;SLC2A1;RASGRP1;BAG1;BCL2;MAST4;NADSYN1	38	MSigDB_Hallmark_2020
Xenobiotic Metabolism	26/200	0.533622910154635	0.684131936095686	0.999107589062612	0.627505357395857	IL1R1;ENTPD5;MTHFD1;CYFIP2;SLC35B1;NFS1;ASL;PTGES3;SSR3;ID2;ELOVL5;MCCC2;DHRS1;PGRMC1;DHRS7;GSS;FAH;FAS;SLC1A5;IGFBP4;DHPS;ACO2;TMBIM6;LPIN2;SAR1B;DDT	38	MSigDB_Hallmark_2020
UV Response Dn	17/144	0.703327464088747	0.841121308225588	0.89433893297187	0.31474710297575	RUNX1;LDLR;DMAC2L;INPP4B;INSIG1;BCKDHB;BHLHE40;SLC22A18;ATXN1;ATP2B4;AGGF1;SRI;SYNE1;PTEN;PIK3CD;ICA1;NR3C1	40	MSigDB_Hallmark_2020
Hedgehog Signaling	4/36	0.706541898909494	0.841121308225588	0.835546574287914	0.290246131082099	L1CAM;CDK6;MYH9;CRMP1	41	MSigDB_Hallmark_2020
Angiogenesis	4/36	0.706541898909494	0.841121308225588	0.835546574287914	0.290246131082099	JAG2;S100A4;PDGFA;CCND2	41	MSigDB_Hallmark_2020
Notch Signaling	3/32	0.805063967040235	0.924972184386058	0.691340170622653	0.149905738309275	PSENEN;FBXW11;SKP1	43	MSigDB_Hallmark_2020
Wnt-beta Catenin Signaling	4/42	0.813975522259731	0.924972184386058	0.70337506584012	0.144772161929786	JAG2;HDAC2;RBPJ;CCND2	44	MSigDB_Hallmark_2020
Pancreas Beta Cells	3/40	0.907608055527833	0.999043396734011	0.541611638572008	0.0525052677735414	SPCS1;SRP14;DPP4	45	MSigDB_Hallmark_2020
Epithelial Mesenchymal Transition	20/200	0.919937003479934	0.999043396734011	0.740941561235907	0.0618316368296684	VIM;SERPINE2;ENO2;LGALS1;JUN;EMP3;ID2;IL32;CD44;TPM4;FAS;PPIB;LOXL1;GPC1;TPM1;IGFBP4;ITGA2;ITGB1;WIPF1;SGCB	46	MSigDB_Hallmark_2020
Coagulation	12/138	0.955803117307121	0.999043396734011	0.635116749402464	0.0287093928879588	CLU;CAPN2;PEF1;ANXA1;ITGA2;ARF4;DPP4;CSRP1;WDR1;FURIN;CRIP2;RAC1	47	MSigDB_Hallmark_2020
Myogenesis	17/200	0.982448280425147	0.999043396734011	0.618648994302988	0.0109547749580637	GABARAPL2;BHLHE40;FLII;RIT1;RYR1;TPM3;TSC2;CHRNB1;CLU;FDPS;PRNP;BAG1;MYH9;DAPK2;MYO1C;ITGB1;LSP1	48	MSigDB_Hallmark_2020
Spermatogenesis	8/135	0.997702956788426	0.999043396734011	0.419405168802628	0.000964499969529975	IL12RB2;MLLT10;GFI1;PRKAR2A;CAMK4;CSNK2A2;TSN;PHKG2	49	MSigDB_Hallmark_2020
KRAS Signaling Dn	13/200	0.999043396734011	0.999043396734011	0.462142383551967	0.000442298499297109	MTHFR;TENT5C;PTPRJ;CCR8;CD40LG;RYR1;PDCD1;IDUA;SLC16A7;CLSTN3;IFNG;GTF3C5;VPS50	50	MSigDB_Hallmark_2020
